timestamp,cylinder_number,customer,job_number,grain_screened,ink_color,proof_on_ctd_ink,blade_mfg,cylinder_division,paper_type,ink_type,direct_steam,solvent_type,type_on_cylinder,press_type,press,unit_number,cylinder_size,paper_mill_location,plating_tank,proof_cut,viscosity,caliper,ink_temperature,humifity,roughness,blade_pressure,varnish_pct,press_speed,ink_pct,solvent_pct,ESA_Voltage,ESA_Amperage,wax,hardener,roller_durometer,current_density,anode_space_ratio,chrome_content,binaryClass
19901014,x771,toysrus,34756,no,key,no,benton,gallatin,coated,coated,no,line,yes,motter94,824,9,tabloid,canadian,1911.0,30.0,54.0,?,14.9,72.0,1.25,30.0,3.6,2100.0,60.2,36.1,1.5,0.0,2.5,1.2,30.0,40.0,114.29,100.0,1
19910211,m254,abbypress,27490,no,key,yes,benton,gallatin,coated,coated,no,line,yes,motter70,813,1,catalog,northus,1911.0,30.0,42.0,0.2,15.4,64.0,0.875,?,0.0,1425.0,61.7,38.3,0.0,0.0,1.0,1.3,34.0,40.0,107.4,100.0,1
19910118,x292,ames,37157,no,key,yes,benton,gallatin,coated,coated,no,line,no,motter94,828,2,tabloid,canadian,1910.0,30.0,45.0,0.233,17.0,70.0,0.75,35.0,0.0,2200.0,58.8,41.2,0.0,0.0,2.5,1.0,33.0,40.0,106.45,100.0,0
19900824,f192,competitivedge,34399,yes,key,yes,benton,gallatin,uncoated,uncoated,no,line,yes,motter70,813,1,catalog,northus,1911.0,40.0,54.0,0.3,15.0,70.0,?,?,10.0,?,50.0,40.0,0.0,0.0,2.5,0.8,60.0,30.0,100.0,100.0,1
19920105,i365,childcraft,34250,yes,key,yes,benton,gallatin,uncoated,cover,no,line,no,woodhoe70,816,2,catalog,?,1911.0,50.0,47.0,0.2,15.0,80.0,0.625,28.0,0.0,1750.0,59.0,41.0,0.0,0.0,1.0,1.0,38.0,40.0,91.89,100.0,0
19900507,t383,modmat,47103,no,key,yes,benton,gallatin,coated,coated,no,line,yes,motter70,813,10,catalog,northus,1910.0,40.0,54.0,0.267,14.42,87.0,1.0,?,4.5,1700.0,56.2,39.3,0.0,0.0,2.5,1.0,40.0,33.0,96.8,100.0,1
19900801,j15,wards,36882,no,key,yes,benton,gallatin,coated,coated,no,line,yes,woodhoe70,816,2,tabloid,canadian,1910.0,45.0,53.0,0.3,15.2,78.0,1.0,?,13.3,2150.0,51.0,35.7,2.0,0.0,2.5,1.1,30.0,35.0,111.1,100.0,1
19910123,f492,uscav,35521,yes,key,yes,benton,gallatin,uncoated,uncoated,no,line,yes,motter70,813,1,catalog,canadian,1911.0,60.0,38.0,0.333,16.5,66.0,0.75,?,6.7,1400.0,56.2,37.1,0.0,0.0,1.1,1.4,32.0,40.0,103.22,100.0,1
19910507,m410,modmat,47203,yes,key,yes,benton,gallatin,uncoated,uncoated,no,line,no,albert70,802,2,catalog,northus,1910.0,50.0,55.0,0.233,13.86,70.0,0.625,47.0,10.2,1635.0,51.0,38.8,0.0,0.0,3.0,1.0,40.0,40.0,100.0,100.0,1
19910307,f615,modmat,47202,yes,key,yes,benton,gallatin,uncoated,uncoated,no,line,yes,motter70,813,1,catalog,northus,1910.0,52.5,45.0,0.2,15.3,72.0,0.75,?,12.4,1600.0,51.5,36.1,0.0,0.0,2.5,1.0,40.0,40.0,109.67,100.0,1
19910502,f416,modmat,47203,yes,key,yes,benton,gallatin,coated,coated,no,line,no,motter70,813,9,catalog,northus,1910.0,55.0,55.0,0.3,16.3,100.0,1.0,?,0.0,1650.0,58.8,41.2,0.0,0.0,?,?,40.0,40.0,106.66,100.0,0
19910604,x818,kmart,37365,no,key,yes,benton,gallatin,uncoated,coated,no,line,yes,motter94,828,2,tabloid,scandanavian,1910.0,47.5,68.0,0.4,16.0,80.0,0.75,30.0,0.0,2250.0,58.8,41.2,0.0,0.0,1.5,1.0,35.0,40.0,106.45,100.0,1
19900606,r4,target,34546,no,key,yes,benton,gallatin,coated,coated,no,line,yes,woodhoe70,816,9,spiegel,canadian,1911.0,37.5,54.0,0.3,14.5,80.0,1.0,20.0,10.9,2400.0,54.3,34.8,0.0,0.0,2.5,0.4,30.0,40.0,103.3,100.0,1
19900510,f672,modmat,47103,yes,key,yes,benton,gallatin,uncoated,uncoated,no,line,yes,woodhoe70,816,2,catalog,northus,1910.0,60.0,50.0,0.3,15.0,72.0,0.75,30.0,15.9,1700.0,44.2,39.8,1.0,0.0,3.0,0.5,40.0,33.0,100.0,100.0,0
19900825,x60,ames,38013,no,key,yes,benton,gallatin,uncoated,coated,no,line,yes,motter94,824,9,tabloid,?,1910.0,45.0,55.0,0.3,16.1,82.0,0.75,30.0,0.0,2400.0,58.8,41.2,0.0,0.0,2.0,0.8,30.0,45.0,93.75,100.0,1
19910301,e69,kmart,37386,yes,key,yes,benton,gallatin,uncoated,uncoated,no,line,yes,motter94,827,2,tabloid,southus,1910.0,40.0,39.0,0.233,15.0,77.0,0.75,20.0,9.4,2000.0,52.1,38.5,0.0,0.0,2.5,1.0,40.0,40.0,103.22,100.0,1
19910130,e310,kmart,37352,no,key,yes,benton,gallatin,uncoated,coated,no,line,yes,motter94,827,2,tabloid,scandanavian,1911.0,50.0,45.0,0.3,15.2,72.0,1.0,25.0,5.9,2150.0,58.8,35.3,0.0,0.0,2.5,1.0,35.0,40.0,107.4,100.0,1
19910213,x291,roses,35752,no,key,yes,benton,gallatin,coated,coated,no,line,yes,motter94,824,9,tabloid,canadian,1910.0,50.0,43.0,0.2,17.0,84.0,?,35.0,0.0,2300.0,55.6,44.4,0.0,0.0,2.0,0.8,30.0,40.0,103.22,100.0,1
19901002,g150,kmart,36197,no,key,yes,benton,gallatin,uncoated,uncoated,no,line,yes,woodhoe70,816,2,tabloid,mideuropean,1911.0,55.0,50.0,0.2,17.0,78.0,0.25,32.0,9.7,1900.0,52.2,38.1,0.0,0.0,3.0,0.9,35.0,40.0,96.97,90.0,0
19910822,r30,sheplers,35529,yes,key,yes,benton,gallatin,uncoated,uncoated,no,line,yes,albert70,802,7,spiegel,?,1911.0,47.5,58.0,0.217,13.1,70.0,?,55.0,10.0,1660.0,50.0,40.0,0.0,0.0,2.9,1.0,34.0,40.0,96.88,100.0,0
19910627,x820,wards,37502,no,key,yes,benton,gallatin,coated,coated,no,line,no,motter94,824,2,tabloid,canadian,1910.0,?,66.0,0.2,15.0,82.0,0.8125,30.0,7.0,1900.0,58.1,34.9,5.0,0.0,2.5,0.9,30.0,40.0,103.125,100.0,0
19901215,f372,downs,35525,yes,key,yes,benton,gallatin,uncoated,uncoated,no,line,yes,woodhoe70,815,2,catalog,northus,1910.0,40.0,54.0,0.267,22.2,77.0,0.625,32.0,6.25,1000.0,56.25,37.5,0.0,0.0,3.0,1.2,40.0,40.0,106.45,100.0,0
19910829,i303,childcraft,37001,yes,key,yes,benton,gallatin,uncoated,uncoated,no,line,yes,albert70,802,7,catalog,?,1910.0,60.0,60.0,0.233,15.0,80.0,0.75,56.0,14.3,1380.0,47.6,38.1,0.0,0.0,3.0,1.0,38.0,40.0,106.4,100.0,1
19901007,m65,casliving,38059,yes,key,yes,benton,gallatin,uncoated,uncoated,no,line,no,albert70,802,2,catalog,northus,1910.0,42.5,52.0,0.233,18.0,70.0,0.625,45.0,0.0,1700.0,58.8,41.2,0.0,0.0,3.0,0.7,34.0,40.0,103.125,100.0,1
19900825,x727,ames,38013,no,key,yes,benton,gallatin,uncoated,coated,no,line,yes,motter94,824,2,tabloid,?,1910.0,40.0,55.0,0.5329999999999999,15.4,80.0,0.8125,30.0,10.2,2400.0,51.0,38.8,0.0,0.0,1.7,0.7,30.0,45.0,93.75,100.0,1
19920918,aa29,kmart,34534,?,key,?,?,gallatin,super,uncoated,no,?,yes,motter94,821,7,spiegel,?,1911.0,?,60.0,0.267,14.8,80.0,0.625,25.0,?,1850.0,?,?,?,?,2.5,1.0,?,40.0,96.9,100.0,0
19910524,j62,hills,37915,no,key,yes,benton,gallatin,coated,coated,no,line,yes,woodhoe70,815,9,tabloid,?,1911.0,50.0,62.0,0.4,14.9,96.0,0.75,26.0,11.0,1950.0,50.0,39.0,0.0,0.0,2.8,0.8,33.0,40.0,110.0,100.0,1
19900507,m257,homeshopping,36928,no,key,yes,benton,gallatin,coated,coated,no,line,yes,woodhoe70,815,2,catalog,canadian,1910.0,40.0,54.0,0.3,15.0,88.0,0.75,28.0,0.0,1800.0,58.8,41.2,0.0,0.0,2.5,1.2,30.0,33.0,100.0,100.0,1
19910405,x35,roses,35754,no,key,yes,benton,gallatin,coated,coated,no,line,yes,motter94,824,9,tabloid,canadian,1910.0,47.0,43.0,0.267,16.0,80.0,0.5625,30.0,9.1,2400.0,50.5,40.4,0.0,0.0,2.5,1.1,30.0,40.0,103.125,100.0,1
19900611,f170,campingworld,37874,?,key,yes,benton,gallatin,coated,coated,no,line,yes,woodhoe70,815,2,catalog,canadian,?,?,60.0,?,15.0,78.0,0.625,34.0,15.0,1750.0,50.0,35.0,0.0,0.0,2.5,1.0,33.0,?,?,100.0,1
19901119,g60,jcp,34781,no,key,yes,benton,gallatin,uncoated,coated,no,line,yes,woodhoe70,816,2,tabloid,northus,1910.0,70.0,43.0,0.3,18.1,78.0,0.5,28.0,14.4,2125.0,48.1,37.5,5.0,0.0,3.0,0.9,33.0,40.0,100.0,100.0,1
19910503,r14,target,35816,no,key,yes,benton,gallatin,coated,coated,no,line,yes,woodhoe70,815,2,spiegel,canadian,1910.0,40.0,52.0,?,16.0,86.0,0.75,26.0,9.6,1975.0,53.2,37.2,1.0,0.0,2.9,1.3,33.0,40.0,100.0,100.0,0
19910529,x396,wards,37338,no,key,yes,benton,gallatin,coated,coated,no,line,yes,motter94,824,2,tabloid,canadian,1911.0,47.5,60.0,0.4,14.5,74.0,0.8125,20.0,8.6,1600.0,53.8,37.6,0.0,0.0,2.0,1.5,35.0,40.0,110.0,100.0,1
19901105,o21,target,34553,no,key,yes,benton,gallatin,coated,coated,no,line,yes,motter94,827,9,spiegel,canadian,1910.0,45.0,42.0,0.2,14.0,80.0,?,20.0,7.6,?,54.3,38.1,0.0,0.0,?,?,30.0,40.0,101.67,100.0,1
19910806,y270,kmart,37371,no,key,yes,benton,gallatin,uncoated,coated,no,line,yes,woodhoe70,816,2,tabloid,?,1910.0,40.0,60.0,0.2,15.0,85.0,1.0,25.0,6.9,2100.0,54.0,39.1,0.0,0.0,2.5,1.2,35.0,40.0,103.13,100.0,0
19920320,g38,roses,34293,no,key,?,?,gallatin,coated,coated,no,?,yes,woodhoe70,816,2,tabloid,?,1910.0,47.5,50.0,0.2,17.0,70.0,0.5,30.0,?,2000.0,?,?,?,?,2.2,0.7,?,40.0,103.225,100.0,0
19901001,g150,kmart,36197,no,key,yes,benton,gallatin,uncoated,uncoated,no,line,yes,woodhoe70,816,2,tabloid,mideuropean,1910.0,55.0,48.0,0.233,18.0,76.0,0.25,24.0,10.0,1600.0,60.0,30.0,0.0,0.0,3.0,0.9,35.0,40.0,93.55,90.0,0
19910809,t365,adco,39200,yes,key,yes,benton,gallatin,uncoated,uncoated,no,line,no,woodhoe70,815,2,catalog,?,1910.0,40.0,68.0,0.2,14.8,90.0,1.0,30.0,0.0,1440.0,58.8,41.2,0.0,0.0,2.5,1.0,40.0,40.0,103.13,100.0,0
19910724,f620,uscav,35522,yes,key,yes,benton,gallatin,uncoated,uncoated,no,line,no,albert70,802,2,catalog,?,1911.0,40.0,65.0,0.2,15.0,80.0,0.625,50.0,10.4,1640.0,47.2,42.4,1.0,0.0,3.0,1.5,32.0,40.0,103.13,100.0,0
19900818,x132,lazarus,34154,yes,key,yes,benton,gallatin,uncoated,uncoated,no,line,no,motter94,828,10,tabloid,canadian,1910.0,30.0,56.0,0.3670000000000001,14.7,83.0,1.0,30.0,10.8,1600.0,53.8,35.5,0.0,6.0,2.6,1.2,40.0,35.0,100.0,100.0,1
19900710,m39,modmat,47104,yes,key,yes,benton,gallatin,uncoated,uncoated,no,xylol,yes,motter70,813,5,catalog,northus,1911.0,50.0,56.0,0.333,14.6,74.0,0.75,?,7.5,1400.0,53.8,38.7,0.0,4.0,2.4,0.8,40.0,40.0,96.8,100.0,1
19910428,x21,toysrus,35871,no,key,no,benton,gallatin,coated,coated,no,line,yes,motter94,824,2,tabloid,canadian,1911.0,35.0,56.0,0.2,15.0,80.0,0.8125,40.0,8.6,2100.0,53.8,37.6,8.0,0.0,1.7,1.0,30.0,40.0,100.0,100.0,1
19901219,x837,tvguide,25452,yes,key,yes,benton,gallatin,uncoated,uncoated,no,line,yes,motter94,821,2,tabloid,northus,1910.0,65.0,50.0,0.2,15.1,75.0,0.625,20.0,19.0,1800.0,47.6,33.4,0.0,0.0,2.7,0.6,34.0,40.0,110.71,100.0,1
19900730,f131,downs,23050,yes,key,yes,benton,gallatin,uncoated,uncoated,no,line,yes,woodhoe70,816,2,catalog,northus,1910.0,57.5,54.0,0.3670000000000001,16.2,79.0,0.5,23.0,19.0,1500.0,47.6,33.4,5.0,0.0,3.0,1.0,32.0,35.0,93.3,100.0,1
19900807,x315,ames,34585,no,key,yes,?,gallatin,coated,coated,no,line,yes,motter94,828,2,tabloid,canadian,1910.0,30.0,50.0,0.2,15.6,84.0,1.0,?,0.0,2400.0,58.8,41.2,4.0,0.0,2.5,0.9,33.0,35.0,96.8,100.0,1
19901114,g604,woolworth,34997,no,key,yes,benton,gallatin,coated,coated,no,line,yes,woodhoe70,815,9,tabloid,canadian,1910.0,50.0,47.0,0.2,16.2,74.0,0.75,28.0,10.8,2000.0,53.4,35.8,0.0,0.0,2.5,1.3,30.0,40.0,100.0,100.0,0
19901107,x374,kmart,36166,no,key,yes,benton,gallatin,uncoated,coated,no,line,no,motter94,828,9,tabloid,northus,1910.0,50.0,43.0,0.2,15.5,72.0,0.75,30.0,5.1,2200.0,50.6,44.3,0.0,0.0,2.5,1.3,35.0,40.0,96.77,100.0,1
19910426,t380,modmat,47203,yes,key,yes,benton,gallatin,uncoated,uncoated,no,line,yes,albert70,802,2,catalog,northus,1910.0,50.0,50.0,0.2,15.7,90.0,0.75,50.0,0.0,1420.0,62.5,37.5,0.0,0.0,3.0,1.35,40.0,40.0,106.45,100.0,1
19900417,t313,exxon,36858,yes,key,yes,benton,gallatin,uncoated,uncoated,no,line,yes,albert70,802,2,catalog,northus,1910.0,47.5,52.0,0.267,14.3,98.0,0.75,55.0,11.7,1600.0,53.2,35.1,0.0,0.0,3.0,1.0,40.0,33.0,100.0,100.0,0
19900710,f450,modmat,47104,yes,key,yes,benton,gallatin,uncoated,uncoated,no,xylol,yes,motter70,813,1,catalog,northus,1911.0,57.5,56.0,0.5,13.8,73.0,0.75,?,4.4,1400.0,52.7,42.9,0.0,0.0,2.0,0.5,40.0,40.0,96.8,100.0,1
19900819,f236,dunns,38016,yes,key,yes,benton,gallatin,uncoated,uncoated,no,line,yes,motter70,813,1,catalog,?,1910.0,45.0,56.0,0.3,15.5,78.0,0.75,?,11.1,1350.0,55.5,33.3,0.0,0.0,2.2,0.9,28.0,35.0,100.0,100.0,1
19910920,x13,burdines,37068,no,key,yes,benton,gallatin,coated,coated,no,line,yes,motter94,821,2,tabloid,?,1911.0,40.0,49.0,0.3,17.0,75.0,0.625,30.0,0.0,1600.0,58.8,41.2,0.0,0.0,2.5,0.65,33.0,40.0,109.6,100.0,0
19940927,e38,eckerd,38240,?,key,?,?,gallatin,uncoated,uncoated,?,?,yes,motter94,828,9,tabloid,?,1911.0,?,60.0,?,14.9,76.0,1.0,30.0,?,2500.0,?,?,?,?,0.5,0.5,?,40.0,112.5,100.0,0
19910817,r18,sheplers,35529,yes,key,yes,benton,gallatin,uncoated,uncoated,no,line,yes,albert70,802,2,spiegel,?,1910.0,45.0,58.0,0.2,17.0,72.0,0.75,?,3.2,1470.0,53.8,43.0,0.0,0.0,3.0,1.0,34.0,40.0,100.0,100.0,1
19910807,f321,abbey,24780,?,key,yes,benton,gallatin,uncoated,coated,no,line,yes,albert70,802,7,catalog,?,1910.0,?,60.0,0.2,15.0,80.0,0.625,50.0,6.6,1400.0,54.9,38.5,6.0,0.0,3.0,1.1,34.0,40.0,103.1,100.0,1
19910707,m362,modmat,47204,yes,key,yes,benton,gallatin,coated,coated,no,line,yes,motter70,813,9,catalog,northus,1910.0,50.0,64.0,0.233,18.0,64.0,1.0,?,0.0,1300.0,62.5,37.5,0.0,0.0,3.0,1.0,40.0,40.0,106.45,100.0,0
19910130,x799,colortil,37571,no,key,yes,benton,gallatin,coated,coated,no,naptha,no,motter94,824,2,tabloid,canadian,1911.0,50.0,45.0,0.233,16.0,70.0,0.8125,30.0,0.0,2400.0,58.8,41.2,0.0,0.0,1.7,1.0,30.0,40.0,107.4,100.0,1
19901010,r34,target,34522,no,key,yes,benton,gallatin,coated,uncoated,no,line,yes,woodhoe70,816,9,spiegel,northus,1911.0,35.0,50.0,0.3,14.0,74.0,0.25,28.0,0.0,2500.0,58.8,41.2,0.0,0.0,2.5,0.7,30.0,40.0,114.29,100.0,1
19910610,g572,wards,37501,no,key,yes,benton,gallatin,coated,coated,no,line,yes,woodhoe70,816,9,tabloid,?,?,32.5,56.0,0.3670000000000001,15.03,79.0,0.3125,28.0,5.3,2244.0,52.6,42.1,0.0,0.0,1.8,0.5,30.0,40.0,106.45,100.0,1
19900706,x135,ames,34583,no,key,yes,benton,gallatin,coated,coated,no,line,yes,motter94,827,9,tabloid,canadian,1911.0,40.0,47.0,0.2,15.0,75.0,0.75,25.0,0.0,2100.0,61.1,38.9,0.0,0.0,2.4,1.1,33.0,40.0,96.9,100.0,1
19900831,x138,tvguide,25437,yes,key,yes,benton,gallatin,uncoated,uncoated,no,line,no,motter94,821,2,tabloid,northus,1911.0,57.5,51.0,0.267,15.6,81.0,0.75,25.0,9.8,1850.0,49.0,41.2,0.0,0.0,2.7,0.6,34.0,30.0,100.0,100.0,1
19900702,j6,yieldhouse,34367,yes,key,yes,benton,gallatin,uncoated,uncoated,no,line,yes,woodhoe70,816,9,tabloid,northus,1911.0,62.5,47.0,0.16699999999999998,17.0,75.0,0.75,30.0,14.3,1700.0,47.6,38.1,0.0,0.0,3.0,0.5,40.0,40.0,96.9,100.0,0
19900612,x414,wards,36894,no,key,yes,benton,gallatin,coated,coated,yes,line,yes,motter94,824,9,tabloid,canadian,1910.0,30.0,51.0,0.333,16.0,76.0,0.875,25.0,19.1,2250.0,42.7,38.2,3.0,0.0,1.2,0.5,30.0,35.0,103.3,100.0,1
19901212,i331,austads,38121,yes,key,yes,benton,gallatin,uncoated,uncoated,no,line,no,woodhoe70,815,9,catalog,canadian,1910.0,45.0,42.0,0.3670000000000001,16.0,83.0,0.625,30.0,0.0,1950.0,58.8,41.2,0.0,0.0,2.5,1.0,40.0,40.0,106.45,100.0,0
19910109,x266,tvguide,25503,yes,key,yes,benton,gallatin,uncoated,uncoated,no,line,yes,motter94,821,2,tabloid,northus,?,55.0,46.0,0.3,15.0,80.0,0.75,20.0,6.6,1900.0,54.9,38.5,0.0,0.0,2.5,0.7,34.0,40.0,105.0,100.0,1
19900730,x153,roses,34896,no,key,yes,benton,gallatin,coated,coated,no,line,yes,motter94,828,2,tabloid,northus,1910.0,40.0,54.0,0.4,15.2,88.0,0.875,?,5.9,2300.0,49.5,44.6,8.0,0.0,2.5,1.0,33.0,35.0,111.1,100.0,1
19900603,f670,ntlwildlife,36859,yes,key,yes,benton,gallatin,uncoated,cover,no,line,no,albert70,802,2,catalog,northus,?,50.0,65.0,?,17.0,100.0,0.625,52.0,5.6,1650.0,55.5,38.9,0.0,0.0,3.0,0.6,45.0,?,?,100.0,0
19910810,i309,childcraft,37001,yes,key,yes,benton,gallatin,uncoated,uncoated,no,line,no,albert70,802,7,catalog,?,1911.0,45.0,62.0,0.233,15.0,76.0,0.75,50.0,0.0,1500.0,58.8,41.2,0.0,0.0,3.0,1.2,38.0,40.0,103.225,100.0,0
19900924,f337,modmat,47105,yes,key,yes,benton,gallatin,uncoated,uncoated,no,line,yes,motter70,813,1,catalog,northus,1911.0,60.0,48.0,0.3670000000000001,14.0,76.0,1.0,?,5.6,1600.0,55.6,38.8,0.0,0.0,2.5,0.7,40.0,40.0,96.97,90.0,1
19910617,t176,hanoverhouse,37990,yes,key,yes,benton,gallatin,uncoated,uncoated,no,line,yes,motter70,813,1,catalog,northus,1910.0,50.0,66.0,0.233,16.0,87.0,1.0,?,11.1,1530.0,55.6,33.3,0.0,0.0,2.5,1.0,34.0,40.0,100.0,100.0,0
19901007,g67,kmart,36197,no,key,yes,benton,gallatin,uncoated,uncoated,no,line,yes,woodhoe70,815,9,tabloid,mideuropean,1911.0,47.5,53.0,0.3,15.0,72.0,0.75,25.0,22.0,1500.0,45.9,32.1,0.0,0.0,2.5,0.8,35.0,40.0,114.3,100.0,0
19901209,m208,abbeypress,27490,no,key,yes,benton,gallatin,uncoated,coated,no,line,no,albert70,802,2,catalog,northus,1910.0,32.0,42.0,0.233,16.0,70.0,0.625,46.0,0.0,1350.0,60.2,39.8,0.0,0.0,3.0,1.0,34.0,40.0,100.0,100.0,1
19901109,g81,hills,34716,no,key,yes,benton,gallatin,uncoated,coated,no,line,no,woodhoe70,816,9,tabloid,northus,1910.0,40.0,51.0,0.233,15.0,70.0,0.25,24.0,0.5,0.0,59.5,40.0,0.0,0.0,3.0,1.0,35.0,40.0,100.0,100.0,0
19910604,y216,kmart,37305,no,key,yes,benton,gallatin,uncoated,coated,no,line,yes,woodhoe70,815,9,tabloid,scandanavian,1911.0,35.0,68.0,0.4,15.1,90.0,0.875,30.0,6.0,1500.0,59.5,34.5,1.0,0.0,2.5,1.0,35.0,40.0,106.89,100.0,0
19900511,m260,modmat,47103,yes,key,yes,benton,gallatin,uncoated,uncoated,no,line,yes,motter70,813,1,catalog,northus,1910.0,50.0,48.0,0.233,13.0,80.0,1.0,?,18.9,1700.0,47.2,34.0,0.0,0.0,2.7,0.6,40.0,33.0,100.0,100.0,0
19900926,r9,target,34551,no,key,yes,benton,gallatin,coated,coated,no,line,yes,woodhoe70,815,9,spiegel,canadian,1910.0,30.0,48.0,0.233,15.0,88.0,0.75,35.0,7.7,?,57.7,34.6,0.0,0.0,2.8,0.8,30.0,40.0,100.0,90.0,1
19900812,r23,target,34549,no,key,yes,benton,gallatin,coated,coated,no,line,yes,woodhoe70,815,9,spiegel,canadian,1910.0,45.0,54.0,0.3670000000000001,15.0,100.0,0.75,33.0,2.3,2000.0,56.8,40.9,0.0,0.0,2.75,0.9,33.0,35.0,106.9,100.0,1
19921125,i25,homeshop,36569,?,key,?,?,gallatin,super,cover,no,?,yes,albert70,816,2,catalog,?,1910.0,?,53.0,0.3,14.2,72.0,1.0,28.0,?,1600.0,?,?,?,?,2.7,1.5,?,40.0,106.1,100.0,0
19900727,f76,rei,36644,yes,key,yes,benton,gallatin,uncoated,uncoated,no,line,no,albert70,802,2,catalog,northus,1910.0,60.0,53.0,0.333,16.5,88.0,0.75,55.0,22.1,1550.0,41.0,36.9,0.0,0.0,3.0,0.8,40.0,35.0,105.1,100.0,1
19910517,x195,toysrus,35982,no,key,no,benton,gallatin,coated,coated,no,line,no,motter94,824,2,tabloid,canadian,1910.0,47.0,67.0,0.4,16.0,74.0,0.8125,38.0,0.0,1900.0,58.8,41.2,2.0,0.0,2.5,1.1,33.0,40.0,103.125,100.0,1
19910810,i324,childcraft,37001,yes,key,yes,benton,gallatin,uncoated,uncoated,no,line,yes,albert70,802,7,catalog,?,1911.0,50.0,62.0,0.267,11.2,80.0,?,50.0,0.0,1570.0,58.8,41.2,0.0,0.0,3.0,1.0,38.0,40.0,103.23,100.0,0
19910130,x823,colortil,35751,no,key,yes,benton,gallatin,coated,coated,no,naptha,yes,motter94,824,9,tabloid,canadian,1911.0,40.0,45.0,0.2,15.0,76.0,0.8125,30.0,0.0,2400.0,62.5,37.5,0.0,0.0,1.0,1.0,30.0,40.0,107.4,100.0,1
19901230,x388,tvguide,25502,yes,key,yes,benton,gallatin,uncoated,uncoated,no,line,yes,motter94,821,2,tabloid,northus,1911.0,52.0,52.0,0.267,16.0,78.0,0.75,30.0,14.1,1250.0,50.5,53.4,0.0,0.0,3.0,0.9,34.0,40.0,103.22,100.0,0
19901230,b125,modmat,48201,yes,key,yes,benton,gallatin,uncoated,uncoated,no,line,yes,woodhoe70,815,2,catalog,northus,1911.0,62.0,52.0,0.433,15.0,78.0,0.75,28.0,5.9,1400.0,58.8,35.3,4.0,0.0,2.5,0.8,40.0,40.0,103.22,100.0,0
19910923,t312,hanoverhouse,39027,yes,key,yes,benton,gallatin,uncoated,uncoated,no,line,no,woodhoe70,816,9,catalog,?,1910.0,50.0,60.0,0.267,16.0,78.0,0.5,28.0,4.5,1520.0,53.0,42.0,0.0,0.0,2.5,1.5,34.0,40.0,106.2,100.0,0
19910406,f103,bestprod,37822,no,key,yes,benton,gallatin,uncoated,coated,no,line,yes,motter70,813,1,catalog,northus,1910.0,40.0,44.0,0.2,15.0,68.0,0.75,?,0.0,1750.0,58.8,41.2,0.0,0.0,2.7,0.7,35.0,40.0,103.125,100.0,1
19901211,i349,austads,38121,yes,key,yes,benton,gallatin,uncoated,cover,no,line,no,woodhoe70,815,2,catalog,canadian,1910.0,45.0,40.0,0.3,16.0,89.0,0.625,22.0,0.0,1300.0,60.0,40.0,1.0,0.0,2.5,1.0,40.0,40.0,106.45,100.0,0
19900606,f331,natlwildlife,36859,yes,key,yes,benton,gallatin,uncoated,uncoated,no,line,yes,albert70,802,7,catalog,northus,1911.0,55.0,54.0,0.267,15.0,70.0,0.625,60.0,3.4,1600.0,56.8,39.8,0.0,0.0,1.0,0.4,45.0,40.0,103.3,100.0,1
19911102,g69,toysrus,35880,no,key,no,benton,gallatin,coated,coated,no,line,yes,woodhoe70,816,2,tabloid,?,1911.0,40.0,40.0,0.3,14.9,75.0,0.625,28.0,4.3,2000.0,53.2,42.5,4.0,0.0,2.5,1.5,30.0,40.0,117.86,100.0,0
19930421,x799,eckerds,37392,?,key,?,?,gallatin,uncoated,uncoated,?,?,yes,motter94,824,2,tabloid,?,1910.0,?,45.0,0.2,17.0,84.0,0.8125,27.0,?,1865.0,?,?,?,?,1.5,0.7,?,40.0,109.1,95.0,0
19930928,m272,toysrus,37191,?,key,?,?,gallatin,coated,coated,?,?,yes,albert70,815,9,catalog,?,1910.0,?,55.0,0.2,17.0,95.0,0.625,27.0,?,1600.0,?,?,?,?,2.5,1.0,?,40.0,106.25,100.0,0
19910227,e91,kmart,37354,no,key,yes,benton,gallatin,uncoated,coated,no,line,yes,motter94,821,2,tabloid,?,1911.0,42.5,41.0,0.2,14.0,80.0,0.625,20.0,7.4,1750.0,53.2,39.4,0.0,0.0,2.1,0.9,35.0,40.0,96.97,100.0,1
19900620,o15,target,34547,no,key,yes,benton,gallatin,coated,coated,no,line,?,motter94,827,9,spiegel,canadian,1910.0,32.5,54.0,0.5,15.5,78.0,1.0,25.0,0.0,1900.0,58.8,41.2,10.0,0.0,1.4,0.8,30.0,35.0,103.2,100.0,1
19910301,e77,kmart,37386,yes,key,yes,benton,gallatin,uncoated,uncoated,no,line,yes,motter94,827,9,tabloid,southus,1910.0,40.0,39.0,0.2,15.0,79.0,0.75,20.0,11.8,2000.0,49.0,39.2,0.0,0.0,2.5,1.0,40.0,40.0,103.22,100.0,1
19910524,x29,roses,35758,no,key,yes,benton,gallatin,coated,coated,no,line,yes,motter94,828,2,tabloid,canadian,1910.0,40.0,62.0,0.267,16.0,84.0,0.9375,32.0,0.0,2200.0,58.8,41.2,4.0,0.0,1.4,1.0,30.0,40.0,106.45,100.0,1
19910409,g108,ames,37168,no,key,yes,benton,gallatin,coated,coated,no,line,yes,woodhoe70,815,2,tabloid,canadian,1911.0,30.0,63.0,0.3,13.0,94.0,1.0,29.0,0.0,1800.0,56.2,43.8,0.0,0.0,2.5,1.0,30.0,40.0,110.0,100.0,0
19900517,x713,toysrus,34752,no,key,no,benton,gallatin,coated,coated,no,line,yes,motter94,824,2,tabloid,northus,1910.0,50.0,48.0,0.233,15.5,68.0,0.8125,30.0,0.0,1900.0,57.4,42.6,10.0,0.0,1.5,1.0,30.0,33.0,100.0,100.0,1
19920712,i366,homeshopping,36568,?,key,?,?,gallatin,super,uncoated,no,?,?,albert70,816,2,catalog,?,1911.0,?,56.0,0.3670000000000001,15.1,78.0,0.5,29.0,?,1320.0,?,?,?,?,2.5,?,?,40.0,96.9,100.0,0
19900805,j60,walmart,34493,no,key,yes,benton,gallatin,coated,coated,no,line,no,woodhoe70,816,2,tabloid,?,1910.0,35.0,55.0,0.233,15.0,70.0,0.5,35.0,0.0,2000.0,58.8,41.2,0.0,0.0,2.5,1.5,30.0,35.0,100.0,100.0,0
19901027,g465,woolworth,34996,no,key,yes,benton,gallatin,coated,coated,no,line,yes,woodhoe70,816,9,tabloid,?,1910.0,35.0,43.0,0.3670000000000001,13.0,75.0,0.75,?,0.0,2000.0,62.5,37.5,0.0,0.0,2.5,1.1,30.0,40.0,100.0,100.0,0
19910505,m337,modmat,47203,yes,key,yes,benton,gallatin,uncoated,uncoated,no,line,yes,motter70,813,5,catalog,northus,1910.0,50.0,52.0,0.3,17.0,69.0,0.75,?,0.0,1700.0,58.8,41.2,0.0,0.0,2.2,0.9,40.0,40.0,106.66,100.0,1
19901209,f466,abbeypress,27490,no,key,yes,benton,gallatin,uncoated,coated,no,line,no,albert70,802,7,catalog,northus,1910.0,32.0,42.0,0.233,16.0,70.0,0.625,48.0,0.0,1350.0,63.9,36.1,0.0,0.0,3.0,1.0,34.0,40.0,100.0,100.0,1
19920207,aa17,kmart,34514,no,key,yes,benton,gallatin,uncoated,coated,no,line,yes,motter94,821,7,tabloid,?,1911.0,40.0,39.0,0.2,15.0,72.0,0.375,30.0,0.0,2000.0,58.1,41.9,1.0,0.0,2.5,0.3,35.0,40.0,109.9,100.0,0
19901008,x389,ames,34587,no,key,yes,benton,gallatin,coated,coated,no,line,no,motter94,827,9,tabloid,canadian,1911.0,30.0,53.0,0.3,15.0,80.0,0.75,30.0,15.0,2290.0,50.0,35.0,0.0,0.0,2.5,1.0,33.0,40.0,110.7,100.0,1
19920826,f131,hanoverhouse,34905,?,key,?,?,gallatin,coated,coated,no,?,yes,albert70,816,9,catalog,?,1910.0,?,67.0,0.3,15.1,80.0,0.75,28.0,?,1780.0,?,?,?,?,2.5,1.0,?,40.0,106.25,100.0,0
19900606,f571,natlwildlife,36859,yes,key,yes,benton,gallatin,uncoated,cover,no,line,no,albert70,802,2,catalog,northus,1911.0,57.5,54.0,0.267,15.5,80.0,0.625,55.0,0.0,1600.0,62.5,37.5,0.0,0.0,3.0,0.5,45.0,40.0,103.3,100.0,1
19900710,x235,hills,34714,no,key,yes,benton,gallatin,coated,coated,no,line,yes,motter94,824,2,tabloid,canadian,1910.0,40.0,56.0,0.333,15.3,86.0,0.8125,32.0,0.0,2150.0,58.8,41.2,12.0,0.0,2.2,0.8,30.0,35.0,100.0,100.0,1
19910426,g95,wards,37333,no,key,yes,benton,gallatin,coated,coated,no,line,no,woodhoe70,815,2,tabloid,canadian,1910.0,35.0,56.0,0.3,15.3,80.0,0.75,20.0,0.0,1900.0,76.9,23.1,0.0,0.0,2.5,1.25,33.0,40.0,106.66,100.0,0
19900622,t178,casualliving,38025,yes,key,yes,benton,gallatin,uncoated,uncoated,no,line,no,woodhoe70,815,2,catalog,northus,1910.0,55.0,55.0,0.3,13.0,86.0,0.75,28.0,13.7,1700.0,49.0,37.3,0.0,0.0,3.0,0.8,34.0,35.0,100.0,100.0,1
19920523,o5,target,34453,no,key,?,?,gallatin,uncoated,coated,no,?,yes,motter94,827,2,spiegel,?,1911.0,47.5,53.0,0.233,17.0,80.0,0.625,20.0,?,1850.0,?,?,?,?,2.0,1.5,?,40.0,105.7,100.0,0
19920920,aa43,kmart,34534,?,key,?,?,gallatin,super,uncoated,no,?,yes,motter94,821,7,spiegel,?,?,?,56.0,0.3,14.1,82.0,0.625,40.0,?,1800.0,?,?,?,?,2.5,0.9,?,40.0,96.9,100.0,0
19910309,e83,kmart,37386,?,key,yes,benton,gallatin,uncoated,uncoated,no,line,yes,motter94,827,2,tabloid,southus,1911.0,?,43.0,0.267,14.2,68.0,0.75,18.0,0.0,2000.0,62.5,37.5,0.0,0.0,2.5,1.2,40.0,40.0,106.45,100.0,0
19901108,g462,woolworth,34997,no,key,yes,benton,gallatin,coated,coated,no,line,no,woodhoe70,815,1,tabloid,canadian,1910.0,32.5,43.0,0.2,13.0,80.0,0.75,28.0,0.0,1500.0,62.5,37.5,0.0,0.0,0.0,0.0,30.0,40.0,100.0,100.0,0
19930906,e302,kmart,85750,?,key,?,?,gallatin,super,uncoated,?,?,yes,motter94,827,2,tabloid,?,1911.0,?,54.0,0.3,16.5,88.0,0.75,25.0,?,1850.0,?,?,?,?,3.0,2.0,?,40.0,107.14,95.0,0
19910214,x129,roses,35752,no,key,yes,benton,gallatin,coated,coated,no,line,yes,motter94,824,2,tabloid,canadian,1910.0,50.0,43.0,0.3,16.3,80.0,0.8125,30.0,0.0,2270.0,55.6,44.4,12.0,0.0,1.5,1.5,30.0,40.0,103.22,100.0,1
19911209,w92,gurney,37018,no,key,yes,benton,gallatin,coated,coated,no,line,yes,woodhoe70,816,9,spiegel,?,1911.0,42.5,52.0,0.2,16.0,82.0,0.75,30.0,0.0,2150.0,58.8,41.2,0.0,0.0,2.5,1.0,33.0,40.0,110.0,100.0,0
19910404,x89,woolworth,37081,no,key,no,benton,gallatin,coated,coated,no,line,yes,motter94,828,1,tabloid,canadian,1911.0,35.0,44.0,0.2,15.5,100.0,0.875,30.0,0.0,2200.0,53.2,46.8,0.0,0.0,0.0,0.0,30.0,40.0,100.0,100.0,0
19910502,r14,target,35816,no,key,yes,benton,gallatin,coated,coated,no,line,yes,woodhoe70,815,2,spiegel,canadian,1910.0,40.0,55.0,0.433,15.5,92.0,0.75,22.0,9.6,1550.0,53.2,37.2,1.0,0.0,2.9,1.3,33.0,40.0,106.66,100.0,0
19900811,j38,wards,36882,no,key,yes,benton,gallatin,coated,coated,no,line,yes,woodhoe70,816,9,tabloid,canadian,1910.0,35.0,53.0,0.267,14.7,80.0,1.0,?,5.5,2150.0,55.6,38.9,0.0,0.0,2.5,0.4,30.0,35.0,111.1,100.0,1
19910730,x799,roses,35761,no,key,yes,benton,gallatin,coated,coated,no,line,yes,motter94,828,2,tabloid,?,1910.0,35.0,59.0,0.2,16.1,82.0,?,28.0,0.0,2500.0,58.8,41.2,0.0,0.0,2.5,1.3,30.0,40.0,100.0,100.0,1
19901117,x795,brendls,34442,yes,key,yes,benton,gallatin,uncoated,uncoated,no,line,no,motter94,821,7,tabloid,northus,1910.0,50.0,43.0,0.267,14.0,74.0,0.625,20.0,2.2,1800.0,56.2,41.6,0.0,0.0,3.0,1.0,38.0,40.0,96.875,100.0,0
19900812,x282,mervyns,34175,no,key,yes,benton,gallatin,coated,coated,no,line,yes,motter94,821,2,tabloid,?,1910.0,30.0,54.0,0.333,16.8,71.0,0.75,25.0,18.0,2000.0,45.0,36.9,0.0,0.0,2.5,0.9,35.0,35.0,106.9,100.0,1
19910603,e86,kmart,37365,no,key,yes,benton,gallatin,uncoated,coated,no,line,yes,motter94,827,9,tabloid,canadian,1911.0,37.5,70.0,0.4,15.0,65.0,0.75,25.0,5.4,1500.0,54.3,40.2,0.0,0.0,2.3,0.9,40.0,40.0,106.66,100.0,1
19910319,x308,roses,35753,no,key,yes,benton,gallatin,coated,coated,no,line,yes,motter94,824,9,tabloid,canadian,1910.0,40.0,43.0,0.267,16.0,80.0,0.5625,30.0,5.6,1900.0,55.6,38.9,0.0,0.0,2.2,1.3,30.0,40.0,103.22,100.0,1
19901211,x242,ames,34590,no,key,yes,benton,gallatin,coated,coated,no,line,yes,motter94,827,2,tabloid,canadian,1910.0,50.0,40.0,0.233,15.0,88.0,0.75,30.0,0.0,2233.0,58.8,41.2,8.0,0.0,3.0,1.0,33.0,40.0,106.45,100.0,1
19910302,x271,eckerd,35457,no,key,yes,benton,gallatin,coated,coated,no,line,yes,motter94,828,9,tabloid,canadian,1910.0,35.0,39.0,0.2,16.2,84.0,1.0,30.0,0.0,2100.0,62.5,37.5,4.0,0.0,2.0,0.9,30.0,40.0,94.117,100.0,1
19920515,x13,toysrus,34156,no,key,?,?,gallatin,coated,coated,no,?,yes,motter94,824,10,tabloid,?,1911.0,40.0,52.0,?,13.5,85.0,0.75,30.0,?,1900.0,?,?,?,?,0.0,0.0,?,40.0,94.4,100.0,0
19900806,j40,walmart,34493,?,key,yes,benton,gallatin,coated,uncoated,no,line,no,woodhoe70,816,9,tabloid,?,1910.0,?,51.0,0.16699999999999998,16.0,75.0,0.5,30.0,0.0,1800.0,58.8,41.2,0.0,0.0,2.1,1.0,30.0,35.0,100.0,100.0,0
19900615,x84,wards,36057,no,key,yes,benton,gallatin,coated,coated,no,line,yes,motter94,827,9,tabloid,canadian,1910.0,30.0,58.0,0.467,15.0,98.0,0.75,30.0,0.0,2300.0,58.8,41.2,6.0,0.0,2.25,1.0,30.0,35.0,100.0,100.0,1
19901206,g5,lurias,36805,yes,key,yes,benton,gallatin,uncoated,cover,no,line,yes,woodhoe70,815,2,tabloid,mideuropean,1910.0,50.0,42.0,0.233,15.0,90.0,1.0,35.0,0.0,1650.0,55.5,44.5,0.0,0.0,2.5,1.0,38.0,40.0,100.0,100.0,0
19900608,f89,jamesway,36649,no,key,yes,benton,gallatin,coated,coated,no,line,?,motter70,813,1,catalog,scandanavian,1911.0,47.5,62.0,?,15.0,80.0,?,?,5.6,?,56.2,38.2,0.0,0.0,2.5,1.0,35.0,40.0,96.9,100.0,1
19901108,t281,modmat,47106,yes,key,yes,benton,gallatin,uncoated,uncoated,no,line,yes,albert70,802,2,catalog,canadian,1910.0,40.0,43.0,0.2,13.5,76.0,0.75,52.0,4.4,1726.0,55.0,40.6,0.0,0.0,3.0,1.0,40.0,40.0,96.77,100.0,1
19910501,g608,eckerd,35458,no,key,yes,benton,gallatin,coated,coated,no,line,no,woodhoe70,816,2,tabloid,canadian,1910.0,40.0,60.0,0.233,15.0,78.0,1.0,28.0,0.0,2380.0,60.0,40.0,3.0,0.0,2.5,1.0,30.0,40.0,106.66,100.0,0
19910304,e26,kmart,37386,yes,key,yes,benton,gallatin,uncoated,uncoated,no,line,yes,motter94,827,2,tabloid,southus,1910.0,40.0,47.0,0.333,24.5,78.0,0.875,30.0,8.8,2100.0,54.9,36.3,16.0,0.0,2.3,1.0,40.0,40.0,100.0,100.0,0
19901107,x129,tvguide,25466,yes,key,yes,benton,gallatin,uncoated,uncoated,no,line,yes,motter94,821,7,tabloid,northus,1910.0,50.0,43.0,0.267,17.0,72.0,0.625,30.0,14.3,1600.0,47.6,38.1,0.0,0.0,2.5,1.0,34.0,40.0,96.77,100.0,0
19901002,g55,kmart,36197,no,key,yes,benton,gallatin,uncoated,coated,no,line,no,woodhoe70,815,1,tabloid,northus,1910.0,55.0,50.0,0.133,14.0,80.0,0.625,32.0,8.0,2000.0,60.0,32.0,0.0,0.0,2.5,0.9,35.0,40.0,93.55,90.0,0
19910111,x352,hanovrhouse,35539,yes,key,yes,benton,gallatin,uncoated,uncoated,no,line,yes,motter94,821,2,tabloid,northus,1911.0,50.0,50.0,0.3670000000000001,14.0,80.0,0.75,40.0,10.5,1700.0,52.6,36.8,0.0,0.0,2.5,1.0,38.0,40.0,105.0,100.0,0
19901005,x828,brendls,38218,no,key,yes,benton,gallatin,coated,coated,no,line,yes,motter94,821,7,tabloid,canadian,1911.0,30.0,52.0,0.333,16.5,80.0,0.625,40.0,0.0,1800.0,58.1,41.9,1.0,0.0,2.5,0.4,35.0,40.0,107.4,100.0,0
19910325,x798,tvguide,25514,yes,key,yes,benton,gallatin,uncoated,uncoated,no,line,no,motter94,821,7,tabloid,?,1910.0,55.0,49.0,0.267,12.5,70.0,0.625,30.0,5.6,1750.0,55.6,38.9,0.0,0.0,2.5,0.9,34.0,40.0,106.66,100.0,0
19900730,x272,roses,34896,no,key,yes,benton,gallatin,coated,coated,no,line,yes,motter94,828,9,tabloid,northus,1910.0,40.0,54.0,0.333,14.7,90.0,0.875,?,0.0,2300.0,52.6,47.4,4.0,0.0,3.0,1.1,33.0,35.0,111.1,100.0,1
19910117,x273,hanovrhous,35539,yes,key,yes,benton,gallatin,uncoated,uncoated,no,line,yes,motter94,821,2,tabloid,northus,1911.0,50.0,43.0,0.267,16.0,75.0,1.0,20.0,15.8,1600.0,49.5,34.7,0.0,0.0,2.5,1.0,38.0,40.0,103.22,100.0,1
19901017,t178,servmerch,38240,yes,key,yes,benton,gallatin,uncoated,uncoated,no,xylol,yes,albert70,802,7,catalog,mideuropean,1911.0,60.0,46.0,0.333,?,80.0,0.625,50.0,12.4,1391.0,51.5,36.1,2.0,0.0,2.7,1.0,38.5,40.0,114.29,100.0,1
19900710,m332,modmat,47104,yes,key,yes,benton,gallatin,uncoated,uncoated,no,line,yes,albert70,802,7,catalog,northus,1911.0,30.0,56.0,0.433,16.0,70.0,?,60.0,21.8,1400.0,45.4,32.8,0.0,0.0,3.0,0.9,40.0,40.0,96.8,100.0,1
19920911,aa58,kmart,34534,?,key,?,?,gallatin,super,uncoated,no,?,yes,motter94,821,7,spiegel,?,1911.0,?,50.0,0.333,15.7,82.0,?,30.0,?,1850.0,?,?,?,?,?,?,?,40.0,103.22,100.0,0
19900926,x820,tvguide,25440,yes,key,yes,?,gallatin,uncoated,uncoated,no,line,no,motter94,821,2,tabloid,northus,1911.0,47.5,49.0,0.433,14.5,88.0,0.625,25.0,34.5,2000.0,43.5,22.0,0.0,0.0,2.5,0.7,40.0,40.0,96.97,90.0,1
19900625,m45,oldvillageshop,34092,yes,key,yes,benton,gallatin,uncoated,uncoated,no,line,no,woodhoe70,815,9,catalog,?,1910.0,65.0,58.0,0.4,15.0,74.0,0.625,32.0,0.0,1800.0,57.5,42.5,1.0,0.0,2.5,1.0,38.0,37.0,103.2,100.0,0
19901210,r32,target,34556,no,key,yes,benton,gallatin,coated,coated,no,line,yes,woodhoe70,816,2,spiegel,canadian,1910.0,37.5,42.0,0.2,16.0,70.0,0.375,28.0,0.0,2400.0,58.8,41.2,3.0,0.0,3.0,0.8,30.0,40.0,106.45,100.0,0
19910307,f670,modmat,47202,yes,key,yes,benton,gallatin,uncoated,uncoated,no,line,yes,motter70,813,5,catalog,northus,1910.0,52.5,45.0,0.233,16.0,68.0,0.75,?,0.0,1600.0,58.8,41.2,4.0,0.0,2.3,0.8,40.0,40.0,109.67,100.0,1
19910306,e67,kmart,37386,?,key,yes,benton,gallatin,uncoated,uncoated,no,line,yes,motter94,827,2,tabloid,southus,1910.0,?,48.0,0.233,14.0,80.0,0.75,30.0,0.0,2000.0,62.5,37.5,0.0,0.0,?,?,40.0,40.0,109.67,100.0,0
19900812,x65,mervyns,34175,no,key,yes,benton,gallatin,coated,coated,no,line,no,motter94,821,7,tabloid,?,1910.0,30.0,54.0,0.233,15.8,68.0,0.75,25.0,6.4,2000.0,53.2,40.4,4.0,0.0,2.3,0.8,35.0,35.0,106.9,100.0,1
19910201,x29,woolworth,37080,no,key,yes,benton,gallatin,coated,coated,no,line,no,motter94,828,2,tabloid,canadian,1911.0,35.0,42.0,?,15.0,75.0,0.75,30.0,0.0,2100.0,58.8,41.2,0.0,0.0,2.0,0.8,30.0,40.0,107.4,100.0,0
19900910,t333,modmat,47105,yes,key,yes,benton,gallatin,coated,coated,no,line,yes,motter70,813,9,catalog,northus,1910.0,55.0,47.0,0.2,14.0,71.0,?,?,0.0,1600.0,62.5,37.5,0.0,0.0,2.5,0.7,40.0,40.0,90.3,100.0,1
19900330,x750,guideposts,23040,yes,key,yes,benton,gallatin,uncoated,uncoated,no,line,no,motter94,821,7,tabloid,?,?,50.0,59.0,0.333,14.5,71.0,0.625,20.0,11.1,1650.0,55.5,33.3,0.0,0.0,2.5,1.0,40.0,?,?,100.0,0
19900606,x138,tvguide,25424,yes,key,yes,benton,gallatin,uncoated,uncoated,no,line,no,motter94,821,7,tabloid,northus,1911.0,40.0,54.0,0.333,14.1,80.0,?,20.0,24.8,1850.0,41.3,33.9,3.0,0.0,2.5,0.8,40.0,40.0,103.3,100.0,1
19910426,x139,hanhouse,37994,yes,key,yes,benton,gallatin,uncoated,uncoated,no,line,no,motter94,821,2,tabloid,northus,1911.0,55.0,45.0,0.267,15.5,79.0,0.625,20.0,16.7,1850.0,54.3,34.3,4.0,0.0,2.5,1.0,34.0,40.0,100.0,100.0,1
19900818,x91,lazarus,34154,yes,key,yes,benton,gallatin,uncoated,uncoated,no,line,no,motter94,828,2,tabloid,?,1910.0,45.0,56.0,0.333,14.9,85.0,1.0,30.0,17.3,1600.0,48.1,34.6,0.0,0.0,2.8,1.0,40.0,35.0,100.0,100.0,1
19920405,x129,woolworth,34227,no,key,?,?,gallatin,coated,coated,no,?,yes,motter94,824,9,tabloid,?,1910.0,35.0,42.0,0.2,15.0,78.0,0.5625,40.0,?,1750.0,?,?,?,?,2.3,1.0,?,40.0,103.0,100.0,0
19910917,x160,colortile,37575,no,key,yes,benton,gallatin,coated,coated,no,line,yes,motter94,824,2,tabloid,?,1910.0,30.0,?,0.3,17.0,78.0,0.8125,30.0,0.0,1700.0,58.8,41.2,0.0,0.0,2.5,1.2,30.0,40.0,106.25,100.0,0
19900821,i353,austads,34066,yes,key,yes,benton,gallatin,uncoated,uncoated,no,line,no,albert70,802,7,catalog,canadian,1910.0,52.5,55.0,0.333,14.0,70.0,0.625,55.0,7.9,1600.0,57.5,34.44,4.0,0.0,3.0,0.8,40.0,45.0,93.75,100.0,1
19910129,f267,homeshop,38064,no,key,yes,benton,gallatin,coated,coated,no,line,no,motter70,813,1,catalog,canadian,1911.0,30.0,45.0,0.2,15.5,65.0,?,?,5.9,1600.0,58.8,35.3,0.0,0.0,2.5,1.8,33.0,40.0,100.0,100.0,1
19920530,x36,cvs,34763,yes,key,?,?,gallatin,uncoated,uncoated,no,?,?,motter94,824,2,tabloid,?,1911.0,55.0,56.0,0.3,21.0,80.0,0.875,35.0,?,1650.0,?,?,?,?,2.1,0.6,?,40.0,100.0,100.0,0
19910111,x788,roses,35751,no,key,yes,benton,gallatin,coated,coated,no,line,yes,motter94,827,9,tabloid,canadian,1911.0,50.0,46.0,0.2,16.5,75.0,0.75,28.0,0.0,2600.0,62.5,37.5,6.0,0.0,2.5,1.1,30.0,40.0,106.67,100.0,1
19910314,f670,modmat,47202,yes,key,yes,benton,gallatin,uncoated,uncoated,no,line,yes,motter70,813,5,catalog,northus,1910.0,52.5,37.0,0.233,14.0,73.0,0.75,?,9.6,1600.0,53.2,37.2,0.0,0.0,2.3,1.0,40.0,40.0,109.67,100.0,1
19910215,r5,target,35811,no,key,yes,benton,gallatin,coated,coated,no,line,yes,woodhoe70,815,2,spiegel,canadian,1910.0,45.0,38.0,?,15.0,80.0,0.625,30.0,7.0,1600.0,58.1,34.9,0.0,0.0,2.5,1.5,30.0,40.0,103.22,100.0,0
19910524,x155,roses,37758,no,key,yes,?,gallatin,coated,coated,no,line,yes,motter94,828,9,tabloid,canadian,1910.0,40.0,62.0,0.3,16.0,84.0,0.9375,28.0,0.0,2200.0,58.8,41.2,4.0,0.0,2.5,0.6,30.0,40.0,106.45,100.0,1
19910729,f98,wards,37510,no,key,yes,benton,gallatin,coated,coated,no,line,no,woodhoe70,815,2,catalog,?,1910.0,45.0,61.0,0.2,14.0,98.0,0.75,30.0,0.0,1600.0,58.8,41.2,2.0,0.0,2.4,0.9,30.0,40.0,100.0,100.0,0
19901125,w364,toysrus,34759,no,key,no,benton,gallatin,coated,coated,no,line,yes,woodhoe70,816,2,spiegel,canadian,1910.0,32.5,47.0,0.2,20.0,79.0,0.3125,29.0,0.0,2189.0,58.1,41.9,5.0,0.0,2.5,1.25,30.0,40.0,100.0,100.0,1
19900507,m4,modmat,47103,yes,key,yes,benton,gallatin,uncoated,uncoated,no,line,yes,motter70,813,5,catalog,northus,1910.0,47.5,54.0,0.2,16.08,69.0,1.0,?,3.3,1700.0,55.5,41.1,0.0,0.0,2.5,0.9,40.0,30.0,103.3,100.0,1
19900622,f77,childcraft,36911,yes,key,yes,benton,gallatin,uncoated,cover,no,line,no,motter70,813,6,catalog,northus,1910.0,50.0,59.0,0.4,15.0,90.0,0.75,?,0.0,1500.0,58.8,41.2,0.0,0.0,2.5,1.0,40.0,35.0,100.0,100.0,0
19901008,x420,ames,34587,no,key,yes,benton,gallatin,coated,coated,no,line,no,motter94,827,2,tabloid,canadian,1911.0,30.0,53.0,0.333,14.0,85.0,0.75,30.0,15.0,2290.0,50.0,35.0,0.0,0.0,2.0,1.5,33.0,40.0,110.7,100.0,1
19910706,x793,wards,37505,no,key,yes,benton,gallatin,coated,coated,no,line,no,motter94,824,2,tabloid,canadian,1910.0,40.0,64.0,0.2,16.0,76.0,0.8125,23.0,4.8,1835.0,59.5,35.7,3.0,0.0,2.0,0.7,30.0,40.0,106.45,100.0,1
19901206,x001,tvguide,25450,yes,key,yes,benton,gallatin,uncoated,uncoated,no,line,yes,motter94,821,7,tabloid,northus,1910.0,45.0,42.0,0.4,14.8,72.0,0.625,20.0,0.0,1800.0,58.8,41.2,0.0,0.0,2.5,0.9,34.0,40.0,106.25,100.0,1
19900814,r22,target,34549,no,key,yes,benton,gallatin,coated,coated,no,line,yes,woodhoe70,816,9,spiegel,canadian,1910.0,45.0,54.0,0.16699999999999998,18.0,90.0,0.5,26.0,8.3,1875.0,52.1,39.6,0.0,0.0,3.0,1.0,33.0,35.0,106.9,100.0,1
19910415,e85,kmart,32360,no,key,yes,benton,gallatin,uncoated,coated,no,line,yes,motter94,827,9,tabloid,?,1911.0,37.5,59.0,0.233,16.0,75.0,0.75,20.0,4.3,?,54.3,41.3,0.0,0.0,2.5,1.5,33.0,40.0,106.45,100.0,1
19901003,x753,tvguide,25441,yes,key,yes,benton,gallatin,uncoated,uncoated,no,line,no,motter94,821,7,tabloid,northus,1910.0,55.0,50.0,0.267,17.0,89.0,1.0,22.0,10.4,1650.0,52.1,37.5,0.75,0.0,2.5,1.1,34.0,40.0,93.55,90.0,0
19901209,w30,sheplers,35001,yes,key,yes,benton,gallatin,uncoated,uncoated,no,line,no,woodhoe70,816,9,spiegel,northus,?,35.0,42.0,0.2,15.5,80.0,1.0,26.0,0.0,1800.0,62.5,37.5,3.0,0.0,2.5,2.0,40.0,40.0,100.0,100.0,1
19910415,g145,wards,37333,no,key,yes,benton,gallatin,coated,coated,no,line,yes,woodhoe70,815,2,tabloid,canadian,1911.0,50.0,60.0,0.267,13.6,86.0,1.125,28.0,0.0,1500.0,64.1,35.9,0.0,0.0,2.5,1.0,33.0,40.0,106.45,100.0,0
19901006,g71,kmart,36197,no,key,yes,benton,gallatin,uncoated,uncoated,no,line,no,woodhoe70,816,9,tabloid,northus,1911.0,47.5,52.0,0.3,15.2,76.0,0.75,30.0,17.5,1700.0,48.7,33.8,0.0,0.0,2.5,0.8,35.0,40.0,114.3,100.0,0
19910402,o2,target,35814,no,key,yes,benton,gallatin,uncoated,coated,no,line,yes,motter94,827,2,spiegel,canadian,1911.0,35.0,43.0,0.233,14.0,75.0,1.25,20.0,7.6,?,54.3,38.0,0.0,0.0,2.5,2.0,33.0,40.0,106.66,100.0,1
19930916,t26,homeshop,35069,?,key,?,?,gallatin,coated,coated,?,?,yes,albert70,816,9,catalog,?,1911.0,?,56.0,0.2,17.0,75.0,0.75,25.0,?,1600.0,?,?,?,?,2.0,1.0,?,40.0,103.125,95.0,0
19911124,f25,bestprod,37970,no,key,yes,benton,gallatin,uncoated,coated,no,line,yes,albert70,802,2,catalog,?,1910.0,27.5,41.0,0.267,17.58,80.0,0.75,50.0,3.4,1490.0,56.8,39.8,0.0,0.0,3.0,1.0,35.0,40.0,103.125,100.0,1
19901102,g625,ames,34588,no,key,yes,benton,gallatin,coated,coated,no,line,yes,woodhoe70,815,2,tabloid,canadian,1910.0,40.0,43.0,0.267,17.2,78.0,0.9375,?,1.0,2180.0,58.3,40.7,2.0,0.0,2.4,0.8,33.0,40.0,96.77,100.0,0
19901007,m74,casliving,38059,yes,key,yes,benton,gallatin,uncoated,uncoated,no,line,yes,albert70,802,7,catalog,northus,1911.0,42.5,52.0,0.333,16.8,80.0,0.625,40.0,0.0,1700.0,54.3,45.7,3.0,0.0,3.0,1.0,34.0,40.0,107.4,100.0,1
19900505,t244,modmat,47103,yes,key,yes,benton,gallatin,uncoated,uncoated,no,line,no,albert70,802,7,catalog,northus,1910.0,50.0,52.0,0.2,14.0,80.0,0.75,60.0,4.4,1700.0,54.9,40.7,0.0,0.0,2.5,1.0,40.0,33.0,100.0,100.0,0
19910818,x57,wards,37513,no,key,yes,benton,gallatin,coated,coated,no,line,yes,motter94,824,2,tabloid,?,1911.0,40.0,59.0,0.3,16.4,85.0,0.8125,30.0,0.0,1900.0,58.8,41.2,10.0,0.0,2.0,0.8,30.0,40.0,96.88,100.0,1
19901113,f601,modmat,47106,yes,key,yes,benton,gallatin,uncoated,uncoated,no,line,no,albert70,802,7,catalog,northus,1910.0,40.0,42.0,0.2,15.0,65.0,0.75,55.0,0.0,1650.0,62.5,37.5,0.0,0.0,2.5,1.0,40.0,40.0,96.77,100.0,0
19900723,x25,roses,34894,no,key,yes,benton,gallatin,coated,coated,no,line,yes,motter94,821,7,tabloid,canadian,1910.0,50.0,61.0,0.333,13.1,70.0,0.75,25.0,21.7,2100.0,41.7,36.6,5.0,0.0,2.5,0.8,30.0,35.0,105.2,100.0,1
19910415,e92,kmart,32360,no,key,yes,benton,gallatin,uncoated,coated,no,line,yes,motter94,827,2,tabloid,?,1910.0,?,59.0,0.233,14.2,80.0,1.0,20.0,5.6,?,55.6,38.9,0.0,0.0,2.0,2.5,33.0,40.0,106.45,100.0,1
19910430,g608,eckerd,35458,no,key,yes,benton,gallatin,coated,coated,no,line,yes,woodhoe70,816,2,tabloid,canadian,1910.0,40.0,64.0,0.233,15.0,82.0,0.75,31.0,0.0,2400.0,60.0,40.0,3.0,0.0,2.5,1.0,30.0,40.0,106.66,100.0,1
19910426,f146,modmat,47203,yes,key,yes,benton,gallatin,uncoated,uncoated,no,line,yes,albert70,802,7,catalog,northus,1910.0,50.0,50.0,0.2,15.5,74.0,0.75,58.0,4.8,1420.0,59.5,35.7,3.0,0.0,3.0,1.0,40.0,40.0,106.45,100.0,1
19910529,x381,wards,37338,no,key,yes,benton,gallatin,coated,coated,no,line,no,motter94,824,9,tabloid,canadian,1911.0,50.0,60.0,0.4,16.0,76.0,0.5625,28.0,5.6,1600.0,55.6,38.9,0.0,0.0,1.0,0.5,35.0,40.0,110.0,100.0,1
19901014,x37,toysrus,34756,no,key,no,benton,gallatin,coated,coated,no,line,yes,motter94,824,2,tabloid,canadian,1911.0,30.0,54.0,0.333,16.3,80.0,0.8125,30.0,0.0,2100.0,60.0,40.0,3.0,0.0,2.5,1.2,30.0,40.0,114.29,100.0,1
19900622,i347,globalequp,36846,no,key,yes,benton,gallatin,uncoated,uncoated,no,line,no,albert70,802,2,catalog,northus,1910.0,65.0,65.0,0.4,14.0,100.0,0.75,40.0,7.0,1200.0,58.1,34.9,0.0,0.0,2.5,1.0,40.0,35.0,100.0,100.0,0
19910430,x12,tvguide,25519,yes,key,yes,benton,gallatin,uncoated,uncoated,no,line,no,motter94,821,7,tabloid,northus,1910.0,52.0,64.0,0.4,15.5,82.0,0.625,30.0,0.0,1800.0,71.4,28.6,4.0,0.0,2.5,0.9,34.0,40.0,103.125,100.0,0
19900810,w516,sheplers,36776,yes,key,yes,benton,gallatin,uncoated,uncoated,no,xylol,yes,albert70,802,2,spiegel,northus,1910.0,40.0,50.0,0.267,13.5,75.0,0.75,45.0,0.0,1700.0,58.8,41.2,0.0,0.0,3.0,0.6,40.0,35.0,100.0,100.0,1
19900813,x333,walmart,34493,no,key,yes,benton,gallatin,coated,coated,no,line,yes,motter94,824,9,tabloid,?,1910.0,30.0,54.0,0.5,13.6,70.0,0.8125,30.0,0.0,2000.0,58.8,41.2,0.0,0.0,2.3,0.9,30.0,35.0,100.0,100.0,1
19900920,g657,colortile,34749,no,key,yes,benton,gallatin,coated,coated,no,line,no,woodhoe70,816,2,tabloid,canadian,?,?,46.0,?,16.0,72.0,0.5,32.0,0.0,1673.0,58.8,41.2,0.0,0.0,2.5,1.5,30.0,?,?,?,0
19910517,x405,toysrus,35872,no,key,no,benton,gallatin,coated,coated,no,line,yes,motter94,824,9,tabloid,canadian,1910.0,47.0,67.0,0.333,16.0,82.0,0.5625,30.0,1.5,1900.0,50.5,34.3,0.0,0.0,2.5,1.1,33.0,40.0,103.125,100.0,1
19910405,x118,roses,35754,no,key,yes,benton,gallatin,coated,coated,no,line,yes,motter94,824,2,tabloid,canadian,1910.0,50.0,43.0,0.3,16.0,70.0,0.8125,30.0,3.4,2400.0,56.8,39.8,0.0,0.0,2.5,0.8,30.0,40.0,103.125,100.0,1
19901001,x271,toysrus,34754,no,key,no,benton,gallatin,coated,coated,no,line,yes,motter94,824,2,tabloid,canadian,1910.0,42.5,48.0,0.2,16.0,70.0,0.8125,35.0,0.0,2050.0,66.7,33.3,2.0,0.0,1.7,1.0,30.0,40.0,93.55,90.0,1
19910103,f108,modmat,47201,?,key,yes,benton,gallatin,coated,coated,no,line,no,motter70,813,9,catalog,northus,1911.0,?,45.0,0.233,15.0,87.0,1.0,?,0.0,1400.0,62.5,37.5,0.0,0.0,2.5,1.0,40.0,40.0,103.22,100.0,0
19901208,t351,austads,38120,yes,key,yes,?,gallatin,uncoated,cover,no,line,yes,woodhoe70,815,2,catalog,northus,1910.0,45.0,43.0,0.3,20.0,84.0,0.625,33.0,?,1200.0,?,?,0.0,0.0,2.5,0.5,40.0,40.0,106.25,100.0,0
19910327,x754,colortile,37572,no,key,yes,benton,gallatin,coated,coated,no,line,yes,motter94,824,9,tabloid,canadian,1911.0,35.0,48.0,0.233,16.0,86.0,0.5625,30.0,16.1,1900.0,44.6,39.3,0.0,0.0,2.5,1.5,30.0,40.0,103.22,100.0,1
19901114,x243,tvguide,25477,yes,key,yes,benton,gallatin,uncoated,uncoated,no,line,no,motter94,821,7,tabloid,northus,1911.0,50.0,42.0,0.2,17.0,73.0,0.4375,20.0,18.5,1800.0,46.3,35.1,2.0,0.0,2.5,1.0,34.0,40.0,100.0,100.0,0
19910707,f26,modmat,47204,yes,key,yes,benton,gallatin,coated,coated,no,line,yes,motter70,813,10,catalog,?,1910.0,50.0,64.0,0.2,16.0,86.0,0.75,?,0.0,1300.0,58.8,41.1,0.0,0.0,2.5,1.0,40.0,40.0,106.45,100.0,0
19910213,x129,roses,35752,no,key,yes,benton,gallatin,coated,coated,no,line,yes,motter94,824,2,tabloid,?,1910.0,50.0,43.0,0.3,17.0,87.0,0.8125,35.0,0.0,2300.0,58.8,41.2,0.0,0.0,1.3,0.7,30.0,40.0,103.22,100.0,1
19920114,i49,modmat,47301,no,key,yes,benton,gallatin,uncoated,uncoated,no,line,yes,woodhoe70,816,2,catalog,?,1911.0,?,43.0,0.2,15.2,78.0,0.75,32.0,8.2,1500.0,51.0,40.8,2.0,0.0,2.7,1.8,40.0,40.0,106.25,100.0,0
19901115,g5,woolworth,34997,no,key,yes,benton,gallatin,coated,coated,no,line,yes,woodhoe70,815,2,tabloid,canadian,1910.0,50.0,47.0,0.267,16.0,92.0,0.75,35.0,0.0,1800.0,68.0,32.0,1.0,0.0,2.6,1.2,30.0,40.0,100.0,100.0,0
19901218,r3,target,34556,no,key,yes,benton,gallatin,coated,coated,no,line,yes,woodhoe70,816,2,spiegel,canadian,1910.0,37.5,50.0,?,15.5,95.0,0.625,26.0,0.0,2350.0,62.5,37.5,1.0,0.0,2.6,0.6,30.0,40.0,106.45,100.0,1
19910215,i354,sears,37869,no,key,yes,benton,gallatin,uncoated,coated,no,line,yes,albert70,802,7,catalog,northus,1911.0,35.0,38.0,0.4,12.0,62.0,0.75,46.0,4.7,1400.0,58.8,36.5,0.0,0.0,2.0,1.0,28.0,40.0,103.125,100.0,1
19910423,g518,eckerd,35458,no,key,yes,benton,gallatin,coated,coated,no,line,no,woodhoe70,816,9,tabloid,canadian,1910.0,40.0,56.0,0.233,16.5,79.0,0.5,28.0,0.0,2300.0,60.2,39.8,0.0,0.0,2.5,1.5,30.0,40.0,106.45,100.0,0
19910314,f615,modmat,47202,yes,key,yes,benton,gallatin,uncoated,uncoated,no,line,yes,motter70,813,1,catalog,northus,?,52.5,37.0,0.2,15.0,66.0,0.75,?,13.3,1600.0,55.6,42.2,0.0,0.0,2.4,0.8,40.0,40.0,100.0,100.0,1
19910216,r23,target,35811,no,key,yes,benton,gallatin,coated,coated,no,line,yes,woodhoe70,815,9,spiegel,canadian,1911.0,40.0,35.0,0.233,18.0,85.0,0.625,30.0,0.0,2000.0,62.5,37.5,0.0,0.0,2.5,0.9,30.0,40.0,103.125,100.0,1
19901101,x185,tvguide,25445,yes,key,yes,benton,gallatin,uncoated,uncoated,no,line,yes,motter94,821,7,tabloid,northus,1910.0,52.5,43.0,0.267,15.0,71.0,0.75,28.0,7.4,1500.0,53.2,39.4,0.0,0.0,2.5,1.0,34.0,40.0,98.3,100.0,0
19910220,x760,tvguide,25509,yes,key,yes,benton,gallatin,uncoated,uncoated,no,line,yes,motter94,821,7,tabloid,northus,1911.0,50.0,46.0,0.2,14.6,60.0,0.625,25.0,10.5,1750.0,52.6,36.8,2.0,0.0,2.4,0.8,28.0,40.0,96.97,100.0,0
19900414,o21,target,34545,no,key,yes,benton,gallatin,coated,coated,no,line,no,motter94,827,2,spiegel,canadian,1910.0,40.0,41.0,0.233,14.0,79.0,0.75,20.0,0.0,1530.0,61.7,38.3,5.0,0.0,3.1,1.8,33.0,33.0,96.9,100.0,1
19900606,g150,childworld,36024,yes,key,yes,benton,gallatin,coated,uncoated,no,line,no,woodhoe70,815,2,tabloid,canadian,1910.0,55.5,54.0,0.233,15.0,82.0,0.75,38.0,0.0,1800.0,58.8,41.2,0.0,0.0,2.0,1.0,33.0,35.0,100.0,100.0,1
19910915,g48,ames,37189,no,key,yes,benton,gallatin,coated,coated,no,line,yes,woodhoe70,815,2,tabloid,?,1910.0,40.0,63.0,0.233,15.8,80.0,0.75,30.0,10.5,2000.0,52.6,36.9,0.0,0.0,3.0,1.0,33.0,40.0,109.7,100.0,0
19900418,j42,wards,36053,no,key,yes,benton,gallatin,coated,coated,no,line,yes,woodhoe70,815,2,tabloid,canadian,1910.0,45.0,42.0,0.233,16.0,84.0,0.625,28.0,0.0,2220.0,54.3,45.7,0.0,0.0,2.5,1.0,30.0,35.0,100.0,100.0,1
19901206,g81,lurias,36805,yes,key,yes,benton,gallatin,uncoated,uncoated,no,line,yes,woodhoe70,815,9,tabloid,mideuropean,1910.0,50.0,42.0,0.267,16.0,88.0,0.75,33.0,11.5,1650.0,52.1,36.4,0.0,0.0,2.5,1.0,38.0,40.0,106.25,100.0,1
19900909,f679,modmat,47105,yes,key,yes,uddeholm,gallatin,uncoated,uncoated,no,line,no,woodhoe70,816,9,catalog,northus,1910.0,65.0,50.0,0.267,15.0,86.0,0.25,28.0,10.5,1700.0,52.6,36.8,2.0,0.0,2.5,0.6,40.0,40.0,103.3,100.0,1
19910104,t133,massey,39039,yes,key,yes,benton,gallatin,uncoated,uncoated,no,line,yes,woodhoe70,816,9,catalog,northus,1910.0,52.0,40.0,0.3,16.0,75.0,0.3125,30.0,5.6,1467.0,55.6,38.8,0.0,0.0,2.5,1.3,40.0,40.0,108.06,100.0,1
19910129,f237,homeshop,38064,no,key,yes,benton,gallatin,coated,coated,no,line,no,motter70,813,5,catalog,canadian,1911.0,30.0,45.0,0.2,14.0,65.0,?,?,0.0,1600.0,62.5,37.5,0.0,0.0,2.5,0.8,33.0,40.0,100.0,100.0,1
19910507,t32,modmat,47203,yes,key,yes,benton,gallatin,uncoated,uncoated,no,line,no,albert70,802,7,catalog,northus,1910.0,50.0,55.0,0.233,13.34,74.0,0.625,?,4.8,1635.0,59.5,35.7,1.0,0.0,3.0,2.0,40.0,40.0,100.0,100.0,1
19910402,x838,tvguide,25515,yes,key,yes,benton,gallatin,uncoated,uncoated,no,line,yes,motter94,821,7,tabloid,northus,1911.0,42.5,46.0,0.3,14.0,77.0,0.625,42.0,15.8,1850.0,49.5,34.6,8.0,0.0,1.5,0.8,34.0,40.0,100.0,100.0,0
19910406,s180,bestprod,37822,no,key,yes,benton,gallatin,uncoated,coated,no,line,yes,motter70,813,5,catalog,northus,1910.0,40.0,44.0,0.233,15.5,68.0,0.75,?,5.6,1750.0,55.6,38.9,0.0,0.0,1.5,0.5,35.0,40.0,103.125,100.0,1
19900710,x346,hills,34714,no,key,yes,benton,gallatin,coated,coated,no,line,yes,motter94,824,9,tabloid,canadian,1911.0,30.0,56.0,0.2,14.7,87.0,0.875,20.0,0.0,2150.0,58.8,41.2,12.0,0.0,1.5,0.6,30.0,40.0,96.8,100.0,1
19920603,x292,toysrus,34157,no,key,?,?,gallatin,uncoated,uncoated,no,?,yes,motter94,824,2,tabloid,?,1910.0,40.0,57.0,0.3,16.0,86.0,0.8125,30.0,?,1700.0,?,?,?,?,2.5,1.0,?,40.0,102.94,100.0,0
19920115,i49,modmat,47301,yes,key,yes,benton,gallatin,uncoated,uncoated,no,line,yes,woodhoe70,816,2,catalog,?,1910.0,?,44.0,0.2,14.3,78.0,0.25,32.0,0.0,1650.0,56.8,43.2,3.0,0.0,2.5,2.5,40.0,40.0,100.0,100.0,0
19900726,f261,rei,36644,yes,key,yes,benton,gallatin,uncoated,uncoated,no,line,no,albert70,802,7,catalog,northus,1910.0,57.5,53.0,0.3670000000000001,14.5,70.0,0.625,58.0,20.2,1600.0,42.0,37.8,3.0,0.0,3.0,1.0,40.0,35.0,105.2,100.0,1
19900719,x753,wards,36066,no,key,yes,benton,gallatin,coated,coated,no,line,yes,motter94,827,9,tabloid,canadian,1911.0,40.0,54.0,0.2,15.0,72.0,0.75,35.0,0.0,2500.0,58.5,41.5,0.0,0.0,2.1,1.1,30.0,40.0,100.0,100.0,1
19900409,x203,tvguide,25416,yes,key,yes,benton,gallatin,uncoated,uncoated,no,line,no,motter94,821,7,tabloid,northus,1911.0,47.5,41.0,0.333,18.0,74.0,0.5,30.0,17.7,1900.0,44.2,38.1,2.0,0.0,2.5,1.0,40.0,33.0,100.0,100.0,0
19900507,t78,modmat,47103,yes,key,yes,benton,gallatin,uncoated,uncoated,no,line,yes,albert70,802,2,catalog,northus,1910.0,72.5,54.0,0.2,14.5,82.0,0.75,50.0,2.2,1900.0,56.7,41.6,0.0,0.0,3.0,0.9,40.0,33.0,100.0,100.0,1
19910330,x830,belk,35534,yes,key,yes,benton,gallatin,uncoated,uncoated,no,line,no,motter94,827,9,tabloid,northus,1910.0,45.0,44.0,0.3,15.5,75.0,1.25,20.0,14.1,1300.0,50.5,35.4,0.0,0.0,2.5,1.5,40.0,40.0,110.0,100.0,1
19901115,o1,target,34554,no,key,yes,benton,gallatin,uncoated,coated,no,line,yes,motter94,827,2,spiegel,northus,1910.0,45.0,42.0,0.2,14.0,75.0,1.0,20.0,11.2,1800.0,51.0,37.8,8.0,0.0,2.5,1.0,35.0,40.0,100.0,100.0,1
19900625,x116,wards,36058,no,key,yes,benton,gallatin,coated,coated,no,line,?,motter94,824,6,tabloid,canadian,1911.0,50.0,58.0,0.3,16.0,?,0.875,24.0,0.0,2200.0,58.8,41.2,0.0,0.0,1.2,0.6,30.0,42.0,93.75,100.0,1
19901017,t200,servmerch,38240,yes,key,yes,benton,gallatin,uncoated,uncoated,no,xylol,yes,albert70,802,2,catalog,mideuropean,1911.0,60.0,46.0,0.333,?,70.0,0.625,50.0,19.0,1391.0,47.6,33.3,0.0,0.0,2.7,0.7,38.5,40.0,114.29,100.0,1
19900620,o7,target,34547,no,key,yes,benton,gallatin,coated,coated,no,line,?,motter94,827,2,spiegel,canadian,1910.0,32.5,54.0,0.267,15.5,78.0,1.0,25.0,0.0,1900.0,58.8,41.2,10.0,0.0,2.5,0.5,30.0,35.0,93.3,100.0,1
19901107,x127,kmart,36166,no,key,yes,benton,gallatin,uncoated,coated,no,line,no,motter94,828,2,tabloid,northus,1910.0,45.0,43.0,0.2,16.0,80.0,0.75,30.0,3.1,2200.0,51.0,45.9,0.0,0.0,2.5,1.3,35.0,40.0,103.33,100.0,1
19910327,x390,colortile,37572,no,key,yes,benton,gallatin,coated,coated,no,line,yes,motter94,824,2,tabloid,canadian,1911.0,35.0,48.0,0.233,16.0,76.0,0.8125,30.0,8.9,1900.0,49.5,41.6,0.0,0.0,2.5,1.2,30.0,40.0,103.22,100.0,1
19910524,j582,hills,37915,no,key,yes,benton,gallatin,coated,coated,no,line,yes,woodhoe70,815,2,tabloid,?,1910.0,50.0,62.0,0.4,15.4,98.0,0.75,25.0,10.6,1750.0,48.1,41.3,0.0,0.0,2.8,1.3,33.0,40.0,110.0,100.0,1
19910817,r6,sheplers,35529,yes,key,yes,benton,gallatin,uncoated,uncoated,no,line,yes,albert70,802,7,spiegel,?,1910.0,45.0,63.0,0.267,15.0,80.0,0.75,50.0,0.0,1470.0,58.8,41.2,2.0,0.0,3.0,1.0,34.0,40.0,100.0,100.0,0
19910719,r15,target,88231,no,key,yes,benton,gallatin,coated,coated,no,line,yes,woodhoe70,816,9,spiegel,?,1910.0,40.0,62.0,0.2,13.7,91.0,0.375,32.0,5.6,2300.0,55.6,38.9,2.0,0.0,2.5,1.0,33.0,40.0,100.0,100.0,1
19900804,j60,walmart,34483,no,key,yes,benton,gallatin,coated,uncoated,no,line,yes,woodhoe70,816,2,tabloid,?,1910.0,35.0,55.0,0.5,15.0,70.0,0.5,32.0,0.0,1950.0,58.8,41.2,0.0,0.0,2.5,1.3,30.0,35.0,100.0,100.0,0
19900706,x281,ames,34583,no,key,yes,benton,gallatin,coated,coated,no,line,yes,motter94,827,2,tabloid,canadian,1911.0,45.0,55.0,0.2,14.0,73.0,0.75,30.0,0.0,2100.0,61.1,38.9,0.0,0.0,2.5,0.8,33.0,40.0,96.8,100.0,0
19930624,y209,kmart,85741,?,key,?,?,gallatin,uncoated,uncoated,?,?,?,albert70,816,2,tabloid,?,1911.0,?,?,0.3,15.0,80.0,0.5,30.0,?,2020.0,?,?,?,?,2.9,0.5,?,40.0,110.3,100.0,0
19910104,t218,massey,38039,yes,key,yes,benton,gallatin,uncoated,uncoated,no,line,yes,woodhoe70,816,2,catalog,northus,1910.0,50.0,40.0,0.267,16.8,76.0,0.4375,28.0,8.6,1467.0,53.8,37.6,5.0,0.0,2.5,0.8,40.0,40.0,103.87,100.0,1
19910419,x220,ames,37169,no,key,yes,benton,gallatin,coated,coated,no,line,yes,motter94,824,2,tabloid,canadian,1911.0,40.0,50.0,0.2,16.0,68.0,0.8125,30.0,0.0,2400.0,58.8,41.2,8.0,0.0,2.5,1.5,33.0,40.0,103.125,100.0,1
19901121,f601,modmat,47106,yes,key,yes,benton,gallatin,uncoated,uncoated,no,line,no,albert70,802,7,catalog,northus,1911.0,40.0,50.0,0.233,14.0,70.0,0.75,45.0,0.0,1800.0,60.2,39.8,0.0,0.0,2.5,1.0,40.0,40.0,100.0,100.0,0
19910804,y228,kmart,37371,no,key,yes,benton,gallatin,uncoated,coated,no,line,yes,woodhoe70,816,9,tabloid,?,1910.0,40.0,58.0,0.267,15.0,80.0,0.1875,?,3.2,2000.0,53.8,43.0,0.0,0.0,2.5,1.0,35.0,40.0,103.125,100.0,1
19900909,f159,modmat,47105,yes,key,yes,benton,gallatin,uncoated,uncoated,no,line,no,woodhoe70,816,2,catalog,northus,1910.0,60.0,50.0,0.267,14.9,88.0,0.375,32.0,10.3,1700.0,51.5,38.1,5.0,0.0,3.0,1.3,40.0,40.0,103.3,100.0,1
19910505,e510,modmat,47203,yes,key,yes,benton,gallatin,uncoated,uncoated,no,line,yes,motter70,813,1,catalog,northus,1910.0,50.0,52.0,0.267,15.6,71.0,0.75,?,20.6,1700.0,46.7,32.7,0.0,0.0,2.5,0.6,40.0,40.0,106.66,100.0,1
19901206,x019,tvguide,25450,yes,key,yes,benton,gallatin,uncoated,uncoated,no,line,yes,motter94,821,2,tabloid,northus,?,50.0,42.0,0.3670000000000001,15.5,73.0,0.625,20.0,3.6,1800.0,60.2,36.2,0.0,0.0,2.5,0.9,34.0,40.0,106.25,100.0,1
19901206,g5,lurias,36805,yes,key,yes,benton,gallatin,uncoated,uncoated,no,line,no,woodhoe70,815,2,tabloid,mideuropean,1910.0,50.0,42.0,0.3,17.0,88.0,0.75,30.0,0.0,1600.0,62.5,27.5,5.0,0.0,2.6,1.0,38.0,40.0,106.25,100.0,0
19901218,f482,downs,35525,yes,key,yes,benton,gallatin,uncoated,uncoated,no,line,yes,woodhoe70,815,2,catalog,northus,1910.0,40.0,41.0,0.267,15.5,76.0,0.75,28.0,3.6,1750.0,60.2,36.1,4.0,0.0,3.0,1.0,40.0,40.0,117.85,100.0,1
19911103,g634,toysrus,35880,no,key,no,benton,gallatin,coated,coated,no,line,?,woodhoe70,816,2,tabloid,?,1910.0,40.0,40.0,?,15.7,85.0,0.3125,27.0,4.3,2050.0,53.2,42.5,1.0,0.0,2.5,1.5,30.0,40.0,103.13,100.0,0
19900625,m254,oldvillageshop,34092,yes,key,yes,benton,gallatin,uncoated,uncoated,no,line,yes,woodhoe70,815,2,catalog,?,1910.0,65.0,49.0,0.333,13.5,82.0,0.625,30.0,0.0,1350.0,68.2,31.8,1.0,0.0,2.5,1.0,38.0,37.0,103.2,100.0,0
19901031,x251,kmart,36165,yes,key,yes,benton,gallatin,uncoated,uncoated,no,line,no,motter94,828,9,tabloid,northus,1910.0,65.0,42.0,0.233,17.5,100.0,1.125,25.0,17.5,2250.0,48.5,34.0,0.0,0.0,2.5,1.0,40.0,40.0,100.0,100.0,1
19901030,g3,woolworth,34996,no,key,yes,benton,gallatin,coated,coated,no,line,yes,woodhoe70,816,9,tabloid,?,1910.0,35.0,42.0,0.3,15.9,78.0,0.375,32.0,0.0,2150.0,62.5,37.5,0.0,0.0,1.7,0.9,30.0,40.0,101.67,100.0,0
19910419,x147,ames,47169,no,key,yes,benton,gallatin,coated,coated,no,line,yes,motter94,824,9,tabloid,canadian,1911.0,40.0,50.0,0.233,16.0,70.0,0.5625,30.0,0.0,2400.0,58.8,41.2,8.0,0.0,1.5,0.5,33.0,40.0,103.125,100.0,1
19900730,f383,downs,23050,yes,key,yes,benton,gallatin,uncoated,uncoated,no,line,yes,woodhoe70,816,9,catalog,northus,1910.0,55.0,54.0,0.3,15.8,79.0,0.5,30.0,12.4,1500.0,51.5,36.1,0.0,0.0,3.0,0.5,32.0,35.0,93.3,100.0,1
19911211,w90,gurney,37018,no,key,yes,benton,gallatin,coated,coated,no,line,yes,woodhoe70,816,2,spiegel,?,1911.0,42.5,47.0,0.2,16.2,78.0,0.75,30.0,0.0,2100.0,56.2,43.8,0.0,0.0,2.5,1.2,33.0,40.0,110.0,100.0,0
19910206,x818,tvguide,25507,yes,key,yes,benton,gallatin,uncoated,uncoated,no,line,yes,motter94,821,7,tabloid,?,1910.0,40.0,44.0,0.2,14.0,69.0,0.625,20.0,8.5,1510.0,53.2,38.3,2.0,0.0,2.5,0.9,34.0,40.0,110.0,100.0,1
19910108,x126,tvguide,25503,yes,key,yes,benton,gallatin,uncoated,uncoated,no,line,yes,motter94,821,2,tabloid,northus,1911.0,55.0,46.0,0.2,17.0,78.0,0.75,20.0,13.1,1700.0,50.5,36.4,0.0,0.0,2.5,1.0,34.0,40.0,105.0,100.0,0
19901215,f121,hanoverhse,34099,yes,key,yes,benton,gallatin,uncoated,uncoated,no,line,no,albert70,802,2,catalog,northus,1910.0,45.0,41.0,0.267,13.3,70.0,0.75,50.0,0.0,1700.0,60.2,39.8,0.0,0.0,3.0,0.8,38.0,40.0,117.85,100.0,1
19941005,aa66,kmart,85813,?,key,?,?,gallatin,super,uncoated,?,?,?,motter94,827,9,tabloid,?,1910.0,?,52.0,?,18.0,82.0,1.0,25.0,?,1880.0,?,?,?,?,1.0,1.0,?,40.0,112.5,100.0,0
19900710,b125,modmat,47104,yes,key,yes,benton,gallatin,coated,coated,no,line,yes,motter70,813,10,catalog,northus,1911.0,55.0,56.0,0.4,15.0,87.0,0.75,?,0.0,1250.0,62.5,37.5,0.0,0.0,2.5,1.0,40.0,40.0,96.8,100.0,1
19910320,x160,tvguide,25513,yes,key,yes,benton,gallatin,uncoated,uncoated,no,line,yes,motter94,821,2,tabloid,?,1911.0,45.0,45.0,?,15.1,75.0,0.625,20.0,15.0,1750.0,50.0,35.0,0.0,0.0,1.6,0.9,34.0,40.0,103.22,100.0,1
19941009,aa58,kmart,85814,?,key,?,?,gallatin,super,coated,?,?,?,motter94,827,2,tabloid,?,1910.0,?,?,0.3,16.5,70.0,1.0,34.0,?,1903.0,?,?,?,?,2.7,2.8,?,40.0,108.0,100.0,0
19920531,x196,cvs,34763,yes,key,?,?,gallatin,uncoated,uncoated,no,?,yes,motter94,824,2,tabloid,?,1910.0,55.0,54.0,0.3,17.5,82.0,0.8125,28.0,?,1600.0,?,?,?,?,2.5,1.0,?,40.0,102.94,100.0,0
