family,product-type,steel,carbon,hardness,temper_rolling,condition,formability,strength,non-ageing,surface-finish,surface-quality,enamelability,bc,bf,bt,bw/me,bl,m,chrom,phos,cbond,marvi,exptl,ferro,corr,blue/bright/varn/clean,lustre,jurofm,s,p,shape,thick,width,len,oil,bore,packing,binaryClass
ZS,C,A,0,50,T,?,?,0,?,?,E,?,?,?,?,?,?,?,?,?,?,?,?,?,?,?,?,?,?,?,COIL,0.3,1250.0,0,?,0,?,1
?,C,R,0,0,?,S,3.0,0,?,?,?,?,?,?,?,B,Y,?,?,?,?,?,?,?,?,?,?,?,?,?,SHEET,1.599,1320.0,762,?,0,?,0
?,C,A,0,0,?,S,3.0,0,N,?,E,?,?,?,?,B,Y,?,?,?,Y,?,?,?,?,?,?,?,?,?,SHEET,0.7,609.9,4170,?,0,?,1
TN,C,A,0,0,?,?,3.0,0,N,?,?,?,?,?,?,?,?,?,C,?,?,?,?,?,?,?,?,?,?,?,SHEET,1.6,1220.0,612,?,0,?,0
?,C,A,0,0,?,S,2.0,0,?,?,E,?,?,?,?,B,?,?,?,?,?,?,?,?,?,?,?,?,?,?,COIL,0.6990000000000001,1320.0,0,?,0,?,1
?,C,W,0,0,?,?,?,310,?,?,G,?,?,?,?,?,?,?,?,?,?,?,?,?,?,?,?,?,?,?,SHEET,2.501,1275.0,4880,?,0,?,1
?,C,A,0,85,T,?,?,0,?,?,G,?,?,?,?,?,?,?,?,?,?,?,?,?,?,?,?,?,?,?,COIL,4.0,450.0,0,?,0,?,0
?,C,R,0,0,?,S,2.0,0,?,?,?,?,?,?,?,B,?,?,?,?,?,?,?,?,?,?,?,?,?,?,SHEET,0.8,610.0,4880,?,0,?,0
ZS,C,A,0,85,T,?,?,0,?,?,E,?,?,?,Y,?,?,?,?,?,?,?,?,?,?,?,?,?,?,?,SHEET,1.0,1220.0,762,?,0,?,0
?,C,R,0,0,?,S,2.0,0,?,?,E,?,?,?,?,B,Y,?,?,?,Y,?,?,?,?,?,?,?,?,?,SHEET,0.7,150.0,612,?,0,?,1
?,C,A,0,0,?,S,2.0,0,?,?,G,?,?,?,?,?,?,?,?,?,?,?,?,?,?,?,?,?,?,?,SHEET,0.4,610.0,762,N,0,?,1
?,C,R,0,0,?,S,2.0,0,?,?,E,?,?,Y,?,?,?,?,?,?,?,?,?,?,?,?,?,?,?,?,COIL,1.6,1320.0,0,?,0,3.0,1
?,C,W,0,0,?,?,?,310,?,?,G,?,?,?,?,?,?,?,?,?,?,?,?,?,?,?,?,?,?,?,SHEET,0.8,1275.0,762,?,0,?,1
ZS,C,A,0,0,?,S,5.0,0,N,?,E,?,?,?,?,?,?,?,?,?,?,?,?,?,?,?,?,?,?,?,COIL,0.7,20.0,0,?,0,?,1
ZS,C,R,0,0,?,S,3.0,0,?,?,E,?,?,?,?,?,?,?,?,?,?,?,?,?,?,?,?,?,?,?,SHEET,1.6,610.0,4880,?,0,?,1
?,C,R,0,0,?,S,2.0,0,?,?,E,?,?,?,?,?,?,?,?,?,?,?,?,?,?,?,?,?,?,?,COIL,3.2,610.0,0,?,0,3.0,1
?,C,R,6,0,T,?,?,0,?,?,?,?,?,?,?,?,?,?,?,?,?,?,?,?,?,?,?,?,?,?,COIL,1.0,610.0,0,?,0,?,1
TN,C,?,0,0,?,A,1.0,0,?,?,?,?,?,?,?,?,?,?,C,?,?,?,?,?,?,?,?,?,?,?,COIL,1.6,610.0,0,?,0,?,0
?,C,R,0,0,?,S,2.0,0,?,?,E,?,?,?,?,?,?,?,?,?,?,?,?,?,?,?,Y,?,?,?,COIL,3.2,609.9,0,?,0,?,1
?,C,R,0,0,?,S,2.0,0,?,?,E,?,?,?,?,?,?,?,?,?,Y,?,?,?,?,?,?,?,?,?,SHEET,1.2,375.0,612,?,0,?,1
?,C,A,0,70,T,?,?,0,?,?,G,?,?,?,?,?,?,?,?,?,?,?,?,?,?,?,?,?,?,?,COIL,0.6,610.0,0,?,0,?,1
?,C,A,0,45,?,S,?,0,?,?,D,?,?,?,?,?,?,?,?,?,?,?,?,?,?,?,?,?,?,?,SHEET,0.3,150.0,4880,?,0,?,1
?,C,A,0,70,T,?,?,0,?,?,G,?,?,?,?,?,?,?,?,?,?,?,?,?,?,?,?,?,?,?,COIL,0.8009999999999999,1320.0,0,?,600,?,1
?,C,S,0,0,?,?,?,400,?,?,?,?,?,?,?,?,?,?,?,?,?,?,?,?,?,?,?,?,?,?,COIL,0.8,609.9,0,?,0,?,0
?,C,A,0,45,?,S,?,0,?,?,D,?,?,?,?,B,?,?,?,?,?,?,?,?,?,?,?,?,?,?,SHEET,0.6990000000000001,1320.0,762,?,0,?,1
?,C,A,0,0,?,S,2.0,0,?,?,E,?,?,?,?,?,?,?,?,?,Y,?,?,?,?,?,?,?,?,?,COIL,1.6,610.0,0,?,0,3.0,1
?,C,R,0,0,?,S,2.0,0,?,?,E,?,?,?,?,B,Y,?,?,?,Y,?,?,?,?,?,?,?,?,?,SHEET,0.7,1300.0,762,?,0,?,1
?,C,A,0,0,?,S,2.0,0,?,?,E,?,?,?,?,M,?,?,?,?,?,?,?,?,?,?,?,?,?,?,COIL,3.5,610.0,0,?,600,?,1
?,C,K,55,0,?,?,?,0,?,?,?,?,?,?,?,M,?,?,?,?,?,?,?,?,?,?,?,?,?,?,COIL,3.2,640.0,0,?,600,?,1
ZS,C,A,0,50,T,?,?,0,?,?,E,?,?,Y,?,?,?,?,?,?,?,?,?,?,?,?,?,?,?,?,SHEET,1.6,1250.0,4880,?,0,?,1
?,C,M,0,0,?,?,?,350,?,?,G,?,?,?,?,?,?,?,?,?,?,?,?,?,?,?,?,?,?,?,COIL,1.6,609.9,0,?,0,?,1
?,C,W,0,0,?,?,?,310,?,?,G,?,?,?,?,B,?,?,?,?,?,?,?,?,?,?,?,?,?,?,COIL,2.5,1274.9,0,?,500,?,1
?,C,R,0,0,?,S,2.0,0,?,?,E,?,?,?,?,?,?,?,?,?,?,?,?,?,?,?,?,?,?,?,SHEET,0.7,150.0,762,?,0,?,1
?,C,A,0,0,?,S,2.0,0,?,?,E,?,?,?,?,?,Y,?,?,?,?,?,?,?,?,?,?,?,?,?,SHEET,1.599,1320.0,762,?,0,?,1
?,C,R,0,0,?,S,3.0,0,?,?,?,?,?,?,?,?,?,?,?,?,?,?,?,?,?,?,?,?,?,?,SHEET,0.8,1320.0,761,?,0,?,0
?,C,?,0,0,?,A,2.0,0,?,?,G,?,?,?,?,?,?,?,?,?,?,?,?,?,?,?,?,?,?,?,SHEET,0.301,1320.0,762,Y,0,?,1
?,C,?,0,0,?,S,1.0,0,?,?,G,?,?,?,?,B,Y,?,?,?,?,?,?,?,?,?,?,?,?,?,SHEET,0.3,595.0,762,?,0,?,1
?,C,R,0,0,?,S,2.0,0,?,?,E,?,?,Y,?,B,?,?,?,?,?,?,?,?,?,?,?,?,?,?,SHEET,0.7,1300.0,762,?,0,?,1
?,C,M,0,0,?,?,?,600,?,?,G,?,?,?,?,?,?,?,?,?,?,?,?,?,?,?,?,?,?,?,COIL,1.6,1090.0,0,?,0,?,0
TN,C,A,0,0,?,?,3.0,0,N,?,?,?,?,?,?,?,?,?,?,?,?,?,?,Y,?,?,?,?,?,?,SHEET,1.6,610.0,761,?,0,?,0
?,C,A,0,0,?,S,2.0,0,?,?,F,?,?,Y,?,?,Y,?,?,?,?,?,?,?,?,?,?,?,?,?,SHEET,0.7,1220.0,762,?,0,?,1
?,C,A,0,0,?,S,2.0,0,?,?,E,?,?,Y,?,B,Y,?,?,?,?,?,?,?,?,?,?,?,?,?,SHEET,1.599,1300.0,4880,?,0,?,1
?,C,A,0,0,?,S,2.0,0,?,?,G,?,?,?,?,B,?,?,?,?,?,?,?,?,?,?,?,?,?,?,SHEET,0.7,610.0,4880,?,0,?,1
?,C,?,0,0,?,A,2.0,0,?,?,G,?,?,?,?,?,?,?,?,?,?,?,?,?,?,?,?,?,?,?,COIL,3.2,1320.0,0,?,0,?,1
?,C,R,0,0,?,S,2.0,0,?,?,?,?,?,?,?,?,Y,?,?,?,?,?,?,?,?,?,?,?,?,?,SHEET,0.8,610.0,762,?,0,?,0
?,C,A,0,45,?,S,?,0,?,?,D,?,?,?,?,B,?,?,?,?,?,?,?,?,?,?,?,?,?,?,SHEET,0.3,1320.0,762,?,0,?,1
?,C,M,0,0,?,?,?,600,?,?,G,?,?,?,Y,?,?,?,?,?,?,?,?,?,?,?,?,?,?,?,SHEET,0.9,1050.0,1220,?,0,?,0
?,C,A,0,0,?,S,2.0,0,?,?,E,?,?,?,?,?,Y,?,?,?,?,?,?,?,?,?,?,?,?,?,SHEET,0.7,1320.0,762,?,0,?,1
TN,C,A,0,0,?,?,3.0,0,N,?,?,?,?,?,?,?,?,?,C,?,?,?,?,?,?,?,?,?,?,?,SHEET,0.6,1220.0,761,?,0,?,0
?,C,?,0,0,?,S,1.0,0,?,?,G,?,?,?,?,?,?,?,?,?,?,?,?,?,?,?,?,?,?,?,COIL,0.3,20.0,0,?,0,?,1
?,C,A,0,0,?,S,2.0,0,?,?,E,?,?,?,?,?,?,?,?,?,?,?,?,?,?,?,Y,?,?,?,COIL,3.201,609.9,0,?,0,?,1
?,C,R,0,0,?,S,3.0,0,?,?,?,?,?,?,?,?,?,?,?,?,?,?,?,?,?,?,?,?,?,?,COIL,1.599,610.0,0,?,0,?,0
?,C,R,0,0,?,S,2.0,0,?,?,?,?,?,?,Y,?,?,?,?,?,?,?,?,?,?,?,?,?,?,?,SHEET,1.599,610.0,4880,?,0,?,0
?,C,A,0,85,T,?,?,0,?,?,G,?,?,?,?,M,?,?,?,?,?,?,?,?,?,?,Y,?,?,?,COIL,4.0,1000.0,0,?,600,?,0
?,C,A,0,45,?,S,?,0,?,?,D,?,?,?,?,?,?,?,?,?,?,?,?,?,?,?,?,?,?,?,SHEET,0.599,520.0,4880,?,0,?,1
?,C,K,65,0,?,?,?,0,?,?,?,?,?,?,?,?,?,?,?,?,?,?,?,?,?,?,Y,?,?,?,COIL,1.0,610.0,0,?,0,?,1
?,C,A,0,0,?,S,2.0,0,?,?,F,?,?,Y,?,B,Y,?,?,?,?,?,?,?,?,?,?,?,?,?,SHEET,0.6,1220.0,4880,?,0,?,1
?,C,A,0,45,?,S,?,0,?,?,D,?,?,?,?,?,?,?,?,?,?,?,?,?,?,?,?,?,?,?,COIL,1.2,609.9,0,?,0,?,1
?,C,K,65,0,?,?,?,0,?,?,?,?,?,?,Y,M,?,?,?,?,?,?,?,?,?,?,?,?,?,?,COIL,1.5,640.0,0,?,0,?,1
?,C,?,0,70,T,?,?,0,?,?,G,?,?,?,?,?,?,?,?,?,?,?,?,?,?,?,Y,?,?,?,COIL,0.799,609.9,0,?,0,?,1
?,C,A,0,0,?,?,?,500,?,?,G,?,?,?,?,?,?,?,?,?,?,?,?,?,?,?,?,?,?,?,COIL,1.6,1320.0,0,?,0,?,1
?,C,R,0,0,?,S,3.0,0,?,?,?,?,?,?,?,?,?,?,?,?,?,?,?,?,?,?,?,?,?,?,SHEET,1.599,610.0,4880,?,0,?,0
?,C,A,0,70,T,?,?,0,?,?,G,?,?,?,Y,?,?,?,?,?,?,?,?,?,?,?,?,?,?,?,COIL,2.5,610.0,0,?,600,?,1
?,C,A,0,85,T,?,?,0,?,?,G,?,?,?,?,?,?,?,?,?,?,?,?,?,?,?,?,?,?,?,COIL,1.2009999999999998,1220.0,0,Y,0,?,0
?,C,?,0,0,?,S,1.0,0,?,?,G,?,?,?,?,?,?,?,?,?,?,?,?,?,?,?,?,?,?,?,SHEET,0.3,610.0,4880,Y,0,?,1
?,C,A,0,60,T,?,?,0,N,?,G,?,?,?,?,?,?,?,?,?,?,?,?,?,?,?,?,?,?,?,COIL,1.9,1135.0,0,?,600,?,1
?,C,A,0,45,?,S,?,0,?,?,D,?,?,?,?,?,?,?,?,?,?,?,?,?,?,?,?,?,?,?,COIL,0.6990000000000001,1320.0,0,N,0,?,1
?,C,A,0,0,?,S,2.0,0,?,?,E,?,?,?,?,?,Y,?,?,?,?,?,?,?,?,?,?,?,?,?,SHEET,1.599,1320.0,4880,?,0,?,1
?,C,K,65,0,?,?,?,0,?,?,?,?,?,?,?,?,?,?,?,?,?,?,?,?,?,?,Y,?,?,?,COIL,0.6,900.0,0,?,0,?,1
?,C,A,0,0,?,S,2.0,0,?,?,F,?,?,Y,?,B,Y,?,?,?,?,?,?,?,?,?,?,?,?,?,SHEET,0.6,609.9,4880,?,0,?,1
?,C,V,0,0,?,S,2.0,0,?,?,?,2.0,?,?,?,?,?,?,?,?,?,?,?,?,?,?,?,?,?,?,COIL,0.8,20.0,0,?,0,?,0
?,C,K,65,0,?,?,?,0,?,?,?,?,?,?,?,M,?,?,?,?,?,?,?,?,?,?,?,?,?,?,COIL,3.2,640.0,0,?,500,?,1
?,C,A,0,0,?,S,3.0,0,N,?,F,?,?,?,?,?,?,?,?,?,?,?,?,?,?,?,?,?,?,?,SHEET,0.75,1320.0,4880,?,0,?,1
?,C,R,0,0,?,S,3.0,0,?,?,?,?,?,?,?,B,?,?,?,?,?,?,?,?,?,?,?,?,?,?,SHEET,1.599,610.0,762,?,0,?,0
TN,C,A,0,0,?,?,3.0,0,N,?,?,?,?,?,?,?,?,?,?,?,?,?,?,Y,?,?,?,?,?,?,COIL,1.6,1220.0,0,?,0,?,0
?,C,R,0,0,?,S,2.0,0,?,?,E,?,?,Y,?,B,Y,?,?,?,?,?,?,?,?,?,?,?,?,?,SHEET,1.599,610.0,762,?,0,?,1
?,C,R,0,0,?,S,2.0,0,?,?,?,?,?,?,?,?,?,?,?,?,?,?,?,?,?,?,?,?,?,?,COIL,0.8,1320.0,0,?,0,?,0
ZS,C,A,0,70,T,?,?,0,?,?,E,?,?,?,?,?,?,?,?,?,?,?,?,?,?,?,?,?,?,?,COIL,2.0,1250.0,0,?,0,?,1
?,C,R,6,0,T,?,?,0,?,?,?,?,?,?,?,?,?,?,?,?,?,?,?,?,?,?,?,?,?,?,SHEET,0.6,610.0,762,?,0,?,1
?,C,K,65,0,?,?,?,0,?,?,?,?,?,?,Y,M,?,?,?,?,?,?,?,?,?,?,?,?,?,?,COIL,2.3,900.0,0,?,600,?,1
?,C,M,0,0,?,?,?,600,?,P,?,?,?,?,?,?,?,?,?,?,?,?,?,?,?,?,?,?,?,?,SHEET,2.0,1320.0,4880,?,0,?,0
?,C,R,0,0,?,S,2.0,0,?,?,E,?,?,?,?,?,?,?,?,?,Y,?,?,?,?,?,?,?,?,?,SHEET,0.301,1220.0,4170,?,0,?,1
?,C,A,0,0,?,S,2.0,0,?,?,G,?,?,?,?,M,?,?,?,?,?,?,?,?,?,?,?,?,?,?,COIL,4.0,385.1,0,?,0,?,1
?,C,A,0,0,?,S,3.0,0,N,?,E,?,?,?,?,?,?,?,?,?,?,?,?,?,?,?,?,?,?,?,COIL,0.6,610.0,0,?,0,?,1
TN,C,A,0,0,?,?,3.0,0,N,?,?,?,?,?,?,?,?,?,?,?,?,?,?,Y,?,?,?,?,?,?,SHEET,1.6,335.0,3000,?,0,?,0
?,C,A,0,85,T,?,?,0,?,?,G,?,?,?,?,?,?,?,?,?,?,?,?,?,?,?,?,?,?,?,SHEET,0.3,1220.0,4880,?,0,?,0
?,C,?,0,0,?,S,1.0,0,?,?,G,?,?,?,?,B,Y,?,?,?,?,?,?,?,?,?,?,?,?,?,SHEET,0.6990000000000001,1300.0,762,?,0,?,1
?,C,R,0,0,?,S,2.0,0,?,?,?,?,?,?,?,B,Y,?,?,?,?,?,?,?,?,?,?,?,?,?,SHEET,0.8,610.0,4880,?,0,?,0
?,C,A,0,45,?,S,?,0,?,?,D,?,?,?,?,B,?,?,?,?,?,?,?,?,?,?,?,?,?,?,SHEET,1.6,610.0,4880,?,0,?,1
?,C,A,0,0,?,S,2.0,0,?,?,F,?,?,Y,?,?,?,?,?,?,?,?,?,?,?,?,?,?,?,?,SHEET,0.6,610.0,761,?,0,?,1
?,C,A,0,0,?,S,3.0,0,N,?,E,?,?,?,?,?,?,?,?,?,?,?,?,?,?,?,?,?,?,?,SHEET,1.0,1320.0,4880,?,0,?,1
?,C,R,0,0,?,S,3.0,0,?,?,?,?,?,?,?,?,?,?,?,?,?,?,?,?,?,?,?,?,?,?,SHEET,1.601,830.0,881,?,0,?,0
TN,C,A,0,0,?,?,3.0,0,N,?,?,?,?,?,?,B,?,?,?,?,?,?,?,Y,?,?,?,?,?,?,SHEET,1.6,610.0,762,?,0,?,0
?,C,?,0,0,?,A,2.0,0,?,?,G,?,?,?,?,?,?,?,?,?,?,?,?,?,?,?,?,?,?,?,SHEET,0.301,1320.0,4880,Y,0,?,1
?,C,R,0,0,?,S,2.0,0,?,?,E,?,?,?,?,?,?,?,?,?,Y,?,?,?,?,?,?,?,?,?,SHEET,0.301,610.0,762,?,0,?,1
?,C,?,0,0,?,?,?,500,?,P,?,?,?,?,?,?,?,?,?,?,?,?,?,?,?,B,?,?,?,?,SHEET,2.0,300.1,301,?,0,?,0
?,C,K,45,0,?,?,?,0,?,?,?,?,?,?,?,M,?,?,?,?,?,?,?,?,?,?,?,?,?,?,COIL,2.3,900.0,0,?,600,?,1
?,C,A,0,45,?,S,?,0,?,?,D,?,?,?,?,B,Y,?,?,?,?,?,?,?,?,?,?,?,?,?,SHEET,0.4,1220.0,761,?,0,?,1
?,C,R,0,0,?,A,3.0,0,?,?,G,?,?,?,?,?,?,?,?,?,?,?,?,?,?,?,?,?,?,?,COIL,0.6,1320.0,0,?,0,?,1
ZS,C,A,0,50,T,?,?,0,?,?,E,?,?,Y,?,?,?,?,?,?,?,?,?,?,?,?,?,?,?,?,COIL,1.6,1250.0,0,?,0,?,1
?,C,A,0,0,?,S,2.0,0,?,?,G,?,?,?,?,?,Y,?,?,?,?,?,?,?,?,?,?,?,?,?,SHEET,1.601,1300.0,762,?,0,?,1
TN,C,?,0,0,?,A,1.0,0,?,?,?,?,?,?,?,?,?,?,?,?,?,?,?,Y,?,?,?,?,?,?,SHEET,1.6,1220.0,762,?,0,?,0
?,C,A,0,0,?,S,2.0,0,?,?,E,?,?,?,?,?,?,?,?,?,?,?,?,?,?,?,?,?,?,?,COIL,0.3,1320.0,0,?,0,?,1
?,C,A,0,0,?,S,2.0,0,?,?,E,?,?,Y,?,?,?,?,?,?,?,?,?,?,?,?,?,?,?,?,COIL,0.6990000000000001,1320.0,0,?,0,?,1
?,C,A,0,0,?,S,2.0,0,?,?,E,?,?,?,?,?,?,?,?,?,?,?,?,?,?,?,?,?,?,?,SHEET,3.201,1320.0,4880,?,0,?,1
?,C,A,0,0,?,S,2.0,0,?,?,F,?,?,Y,?,B,Y,?,?,?,?,?,?,?,?,?,?,?,?,?,SHEET,0.6,1220.0,762,?,0,?,1
?,C,A,0,45,?,S,?,0,?,?,D,?,?,?,?,?,?,?,?,?,?,?,?,?,?,?,?,?,?,?,COIL,0.7,1320.0,0,?,0,?,1
?,C,A,0,0,?,S,2.0,0,?,?,F,?,?,Y,?,B,Y,?,?,?,?,?,?,?,?,?,?,?,?,?,SHEET,0.6,520.0,0,?,0,?,1
?,C,A,0,0,?,S,2.0,0,?,?,E,?,?,Y,?,?,Y,?,?,?,?,?,?,?,?,?,?,?,?,?,SHEET,0.3,1320.0,4880,Y,0,?,1
?,C,A,0,45,?,S,?,0,?,?,D,?,?,?,?,?,?,?,?,?,?,?,?,?,?,?,?,?,?,?,COIL,0.7,610.0,0,?,0,?,1
?,C,M,0,0,?,?,?,600,?,?,G,?,?,?,Y,?,?,?,?,?,?,?,?,?,?,?,?,?,?,?,SHEET,0.9,610.0,3000,?,0,?,0
?,C,R,0,0,?,S,2.0,0,?,?,E,?,?,?,?,?,Y,?,?,?,?,?,?,?,?,?,?,?,?,?,SHEET,0.6990000000000001,1320.0,762,Y,0,?,1
TN,C,A,0,0,?,?,3.0,0,N,?,?,?,?,?,?,?,?,?,C,?,?,?,?,?,?,?,?,?,?,?,SHEET,0.6,610.0,4880,?,0,?,0
?,C,M,0,0,?,?,?,600,?,?,G,?,?,?,Y,?,?,?,?,?,?,?,?,?,?,?,?,?,?,?,COIL,1.6,1090.0,0,?,0,?,0
TN,C,A,0,0,?,?,3.0,0,N,?,?,?,?,?,?,?,?,?,C,?,?,?,?,?,?,?,?,?,?,?,COIL,0.8,50.0,0,?,0,?,0
?,C,R,0,0,?,S,2.0,0,?,?,?,?,?,?,?,?,?,?,?,?,?,?,?,?,?,?,?,?,?,?,SHEET,2.0,1500.0,612,?,0,?,0
?,C,R,0,0,?,S,2.0,0,?,?,E,?,?,?,?,B,Y,?,?,?,?,?,?,?,?,?,?,?,?,?,SHEET,1.599,1300.0,762,?,0,?,1
?,C,A,0,0,?,S,2.0,0,?,?,F,?,?,Y,?,B,?,?,?,?,?,?,?,?,?,?,?,?,?,?,SHEET,0.6,520.0,4880,?,0,?,1
?,C,K,65,0,?,?,?,0,?,?,?,?,?,?,?,M,?,?,?,?,?,?,?,?,?,?,?,?,?,?,COIL,2.3,640.0,0,?,500,?,1
?,C,R,0,0,?,S,2.0,0,?,?,?,?,?,?,?,B,?,?,?,?,?,?,?,?,?,?,?,?,?,?,SHEET,1.599,1300.0,4880,?,0,?,0
?,C,A,0,45,?,S,?,0,?,?,D,?,?,?,?,?,?,?,?,?,?,?,?,?,?,?,?,?,?,?,SHEET,0.7,1320.0,762,?,0,?,1
TN,C,A,0,0,?,?,3.0,0,N,?,?,?,?,?,?,?,?,?,?,P,?,?,?,?,?,?,?,?,?,?,COIL,0.6,609.9,0,?,0,?,0
?,C,A,0,60,T,?,?,0,?,?,G,?,?,?,?,?,?,?,?,?,?,?,?,?,?,?,?,?,?,?,COIL,0.8009999999999999,1320.0,0,?,600,?,1
?,C,R,0,0,?,S,3.0,0,?,?,?,?,?,?,?,?,?,?,?,?,?,?,?,?,?,?,?,?,?,?,SHEET,1.6,831.9,881,?,0,?,0
TN,C,A,0,0,?,?,3.0,0,N,?,?,?,?,?,?,?,?,?,?,?,?,?,?,Y,?,?,?,?,?,?,SHEET,1.6,1220.0,761,?,0,?,0
TN,C,A,0,0,?,?,3.0,0,N,?,?,?,?,?,?,?,?,?,C,?,?,?,?,?,?,?,?,?,?,?,SHEET,0.6,335.0,1,?,0,?,0
?,C,K,55,0,?,?,?,0,?,?,?,?,?,?,?,M,?,?,?,?,?,?,?,?,?,?,?,?,?,?,COIL,2.2,900.0,0,?,0,?,1
?,C,R,0,0,?,S,2.0,0,?,?,E,?,?,?,?,M,?,?,?,?,?,?,?,?,?,?,?,?,?,?,COIL,4.0,610.0,0,?,600,?,1
?,C,A,0,0,?,S,2.0,0,?,?,E,?,?,?,?,B,?,?,?,?,?,?,?,?,?,?,?,?,?,?,COIL,3.2,609.9,0,?,0,?,1
?,C,?,0,0,?,A,2.0,0,?,?,G,?,?,?,?,?,?,?,?,?,?,?,?,?,?,?,?,?,?,?,SHEET,0.301,610.0,4880,Y,0,?,1
?,C,R,0,0,?,S,2.0,0,?,?,E,?,?,Y,?,?,?,?,?,?,?,?,?,?,?,?,?,?,?,?,COIL,1.601,1320.0,0,?,0,?,1
?,C,A,0,85,T,?,?,0,?,?,G,?,?,?,?,M,?,?,?,?,?,?,?,?,?,?,?,?,?,?,COIL,4.0,610.0,0,?,500,?,0
ZS,C,R,0,0,?,A,2.0,0,?,?,G,?,?,?,?,?,?,?,?,?,?,?,?,?,?,?,?,?,?,?,COIL,0.6990000000000001,609.9,0,?,0,?,1
?,C,A,0,50,T,?,?,0,?,?,G,?,?,?,Y,?,?,?,?,?,?,?,?,?,?,?,?,?,?,?,COIL,0.601,610.0,0,?,0,?,1
?,C,A,0,0,?,S,2.0,0,?,?,F,?,?,Y,?,?,Y,?,?,?,?,?,?,?,?,?,?,?,?,?,SHEET,0.6990000000000001,520.0,4880,?,0,?,1
?,C,A,0,0,?,S,2.0,0,?,?,E,?,?,?,?,?,?,?,?,?,?,?,?,?,?,?,?,?,?,?,COIL,0.301,610.0,0,N,0,?,1
?,C,A,0,60,T,?,?,0,?,?,G,?,?,?,?,M,?,?,?,?,?,?,?,?,?,?,?,?,?,?,COIL,4.0,385.1,0,?,0,?,1
?,C,R,6,0,T,?,?,0,?,?,?,?,?,Y,?,?,?,?,?,?,?,?,?,?,?,?,?,?,?,?,COIL,1.2,1220.0,0,?,0,?,1
TN,C,A,0,0,?,S,3.0,0,N,?,?,?,?,?,?,?,?,?,?,?,?,?,?,?,?,?,?,?,?,?,COIL,1.2,609.9,0,?,0,?,0
TN,C,A,0,0,?,?,3.0,0,N,?,?,?,?,?,?,?,?,?,?,P,?,?,?,?,?,?,?,?,?,?,COIL,1.6,610.0,0,?,0,?,0
ZS,C,A,0,50,T,?,?,0,?,?,E,?,?,Y,?,?,?,?,?,?,?,?,?,?,?,?,?,?,?,?,SHEET,0.4,1220.0,762,?,0,?,1
?,C,A,0,0,?,S,3.0,0,N,?,E,?,?,?,?,?,?,?,?,?,?,?,?,?,?,?,?,?,?,?,COIL,1.2009999999999998,75.0,0,?,0,?,1
TN,C,A,0,0,?,?,3.0,0,N,?,?,?,?,?,?,?,?,?,?,?,?,?,?,Y,?,?,?,?,?,?,SHEET,1.6,335.0,612,?,0,?,0
?,C,A,0,45,?,S,?,0,?,?,D,?,?,?,?,?,?,?,?,?,?,?,?,?,?,?,?,?,?,?,SHEET,0.599,609.9,4880,?,0,?,1
TN,C,A,0,0,?,?,3.0,0,N,?,?,?,?,?,?,B,?,?,?,?,?,?,?,Y,?,?,?,?,?,?,SHEET,1.6,610.0,4880,?,0,?,0
?,C,R,0,0,?,S,2.0,0,?,?,E,?,?,?,?,?,?,?,?,?,?,?,?,?,?,?,?,?,?,?,COIL,0.4,610.0,0,?,0,?,1
?,C,A,0,0,?,S,2.0,0,?,?,E,?,?,?,?,?,Y,?,?,?,?,?,?,?,?,?,?,?,?,?,SHEET,0.3,610.0,762,Y,0,?,1
?,C,A,0,0,?,S,2.0,0,?,?,E,?,?,?,?,?,?,?,?,?,?,?,?,?,?,?,?,?,?,?,COIL,0.6990000000000001,610.0,0,N,0,?,1
?,C,?,0,0,?,?,?,500,?,P,?,?,?,?,?,?,?,?,?,?,?,?,?,?,?,?,?,?,?,?,SHEET,2.0,300.1,301,?,0,?,0
?,C,A,0,45,?,S,?,0,?,?,D,?,?,?,?,?,?,?,?,?,?,?,?,?,?,?,?,?,?,?,SHEET,1.6,1320.0,759,?,0,?,1
?,C,A,0,0,?,S,2.0,0,?,?,F,?,?,Y,?,?,Y,?,?,?,?,?,?,?,?,?,?,?,?,?,SHEET,0.6,609.9,4880,?,0,?,1
?,C,R,0,0,?,S,2.0,0,?,?,E,?,?,?,?,B,Y,?,?,?,Y,?,?,?,?,?,?,?,?,?,SHEET,1.599,610.0,762,?,0,?,1
?,C,R,0,0,?,S,2.0,0,?,?,E,?,?,?,?,?,?,?,?,?,?,?,?,?,?,?,Y,?,?,?,COIL,0.3,610.0,0,?,0,?,1
?,C,A,0,50,T,?,?,0,?,?,G,?,?,?,Y,?,?,?,?,?,?,?,?,?,?,?,?,?,?,?,COIL,0.6,1320.0,0,?,0,?,1
?,C,A,0,80,T,?,?,0,?,?,G,?,?,?,?,?,?,?,?,?,?,?,?,?,?,?,?,?,?,?,SHEET,1.6,1320.0,612,Y,0,?,0
ZS,C,A,0,50,T,?,?,0,?,?,E,?,?,?,?,B,?,?,?,?,?,?,?,?,?,?,?,?,?,?,SHEET,0.6,1250.0,4880,?,0,?,1
ZS,C,R,0,0,?,?,?,300,?,?,?,?,?,?,?,?,?,?,?,?,?,?,Y,?,?,?,?,?,?,?,COIL,0.8,915.0,0,?,0,?,0
?,C,R,0,0,?,S,2.0,0,?,?,E,?,?,?,?,?,?,?,?,?,?,?,?,?,?,?,?,?,?,?,SHEET,0.6990000000000001,610.0,761,?,0,?,1
?,C,A,0,0,?,S,2.0,0,?,?,F,?,?,?,?,?,?,?,?,?,?,?,?,?,?,?,?,?,?,?,SHEET,0.7,1220.0,762,?,0,?,1
?,C,A,0,0,?,S,2.0,0,?,?,E,?,?,Y,?,?,?,?,?,?,?,?,?,?,?,?,?,?,?,?,SHEET,3.2,1320.0,4880,?,0,?,1
?,C,?,0,0,?,A,2.0,0,?,?,G,?,?,?,?,?,?,?,?,?,Y,?,?,?,?,?,?,?,?,?,COIL,0.301,20.0,0,?,0,?,1
?,C,A,0,0,?,S,2.0,0,?,?,G,?,?,?,Y,?,?,?,?,?,?,?,?,?,?,?,?,?,?,?,COIL,0.3,1320.0,0,?,0,?,1
?,C,R,0,0,?,S,3.0,0,?,?,E,?,?,?,?,?,?,?,?,?,?,?,?,?,?,?,?,?,?,?,COIL,0.601,610.0,0,?,0,3.0,1
?,C,A,0,45,?,S,?,0,?,?,D,?,?,?,?,B,?,?,?,?,?,?,?,?,?,?,?,?,?,?,COIL,0.6990000000000001,610.0,0,?,0,?,1
?,C,A,0,0,?,S,3.0,0,N,?,F,?,?,?,?,B,Y,?,?,?,Y,?,?,?,?,?,?,?,?,?,SHEET,1.2,610.0,4170,?,0,?,1
?,C,R,0,0,?,S,3.0,0,?,?,?,?,?,?,?,B,Y,?,?,?,?,?,?,?,?,?,?,?,?,?,SHEET,0.8,610.0,762,?,0,?,0
?,C,A,0,85,T,?,?,0,?,?,G,?,?,?,?,?,?,?,?,?,?,?,?,?,?,?,?,?,?,?,COIL,3.2,609.9,0,?,0,?,0
?,C,A,0,70,T,?,?,0,?,?,G,?,?,?,?,B,?,?,?,?,?,?,?,?,?,?,?,?,?,?,COIL,0.8,50.0,0,?,0,?,1
?,C,R,0,0,?,S,3.0,0,?,?,E,?,?,?,?,?,?,?,?,?,?,?,?,?,?,?,?,?,?,?,SHEET,0.601,610.0,762,?,0,?,1
TN,C,?,0,0,?,A,1.0,0,?,?,?,?,?,?,?,?,?,?,C,?,?,?,?,?,?,?,?,?,?,?,COIL,0.5,610.0,0,?,0,?,0
?,C,R,0,0,?,S,2.0,0,?,?,E,?,?,?,?,B,?,?,?,?,?,?,?,?,?,?,?,?,?,?,COIL,0.6990000000000001,1320.0,0,?,0,?,1
?,C,A,0,0,?,S,2.0,0,?,?,F,?,?,Y,?,?,?,?,?,?,?,?,?,?,?,?,?,?,?,?,SHEET,0.6990000000000001,609.9,0,?,0,?,1
?,C,A,0,0,?,S,2.0,0,?,?,G,?,?,?,?,?,?,?,?,?,?,?,?,?,?,?,?,?,?,?,COIL,0.6990000000000001,20.0,0,?,0,?,1
?,C,R,0,0,?,S,2.0,0,?,?,?,?,?,?,?,?,?,?,?,?,?,?,?,?,?,?,?,?,?,?,SHEET,0.8,610.0,762,?,0,?,0
?,C,R,0,0,?,S,3.0,0,?,?,E,?,?,?,?,?,?,?,?,?,?,?,?,?,?,?,?,?,?,?,COIL,0.8,75.0,0,?,0,?,1
?,C,R,0,0,?,S,2.0,0,?,?,E,?,?,?,Y,M,?,?,?,?,?,?,?,?,?,?,?,?,?,?,COIL,4.0,610.0,0,?,600,?,1
?,C,?,0,0,?,S,1.0,0,?,?,G,?,?,?,?,?,?,?,?,?,?,?,?,?,?,?,?,?,?,?,SHEET,0.3,610.0,761,?,0,?,1
?,C,A,0,0,?,S,2.0,0,?,?,F,?,?,Y,?,B,Y,?,?,?,?,?,?,?,?,?,?,?,?,?,SHEET,0.6990000000000001,610.0,761,?,0,?,1
?,C,?,0,0,?,?,?,500,?,P,?,?,?,?,?,?,?,?,?,?,?,?,?,?,?,?,?,?,?,?,SHEET,1.6,609.9,4880,?,0,?,0
?,C,R,0,0,?,S,2.0,0,?,?,E,?,?,?,?,B,?,?,?,?,Y,?,?,?,?,?,?,?,?,?,SHEET,1.6,610.0,4170,?,0,?,1
?,C,A,0,0,?,S,3.0,0,N,?,E,?,?,?,Y,?,?,?,?,?,?,?,?,?,?,?,?,?,?,?,COIL,2.5,1320.0,0,?,0,?,1
?,C,R,0,0,?,S,2.0,0,?,?,E,?,?,?,?,?,Y,?,?,?,?,?,?,?,?,?,?,?,?,?,SHEET,3.2,150.0,762,?,0,?,1
?,C,A,0,45,?,S,?,0,?,?,D,?,?,?,?,?,?,?,?,?,?,?,?,?,?,?,?,?,?,?,COIL,0.301,610.0,0,?,0,?,1
?,C,R,0,0,?,S,2.0,0,?,?,E,?,?,Y,?,?,Y,?,?,?,?,?,?,?,?,?,?,?,?,?,SHEET,0.3,1320.0,762,Y,0,?,1
ZS,C,A,0,0,?,S,3.0,0,N,?,E,?,?,?,?,?,?,?,?,?,?,?,?,?,?,?,?,?,?,?,COIL,1.6,50.0,0,?,0,?,1
?,C,R,0,0,?,S,2.0,0,?,?,E,?,?,?,?,B,?,?,?,?,?,?,?,?,?,?,?,?,?,?,SHEET,0.7,609.9,762,?,0,?,1
TN,C,A,0,0,?,?,3.0,0,N,?,?,?,?,?,?,?,?,?,C,?,?,?,?,?,?,?,?,?,?,?,COIL,0.6,250.0,0,?,0,?,0
?,C,K,55,0,?,?,?,0,?,?,?,?,?,?,?,M,?,?,?,?,?,?,?,?,?,?,?,?,?,?,COIL,3.2,900.0,0,?,600,?,1
?,C,R,0,0,?,S,2.0,0,?,?,?,?,?,?,?,?,Y,?,?,?,?,?,?,?,?,?,?,?,?,?,SHEET,1.599,1320.0,4880,?,0,?,0
?,C,R,0,0,?,S,2.0,0,?,?,?,?,?,?,Y,?,?,?,?,?,?,?,?,?,?,?,?,?,?,?,SHEET,0.8,1300.0,4880,?,0,?,0
?,C,A,0,0,?,S,2.0,0,?,?,G,?,?,?,?,?,?,?,?,?,?,?,?,?,?,?,Y,?,?,?,COIL,0.6990000000000001,609.9,0,?,0,?,1
?,C,A,0,0,?,S,3.0,0,N,?,G,?,?,?,?,?,?,?,?,?,?,?,?,?,?,?,?,?,?,?,COIL,1.0,1320.0,0,?,0,?,1
?,C,A,0,45,?,S,?,0,?,?,D,?,?,Y,?,?,?,?,?,?,?,?,?,?,?,?,?,?,?,?,SHEET,0.6990000000000001,1320.0,760,N,0,?,1
?,C,?,0,0,?,A,2.0,0,?,?,G,?,?,?,?,?,?,?,?,?,?,?,?,?,?,?,?,?,?,?,COIL,0.7,1320.0,0,?,0,?,1
?,C,A,0,0,?,S,2.0,0,?,?,F,?,?,?,?,?,?,?,?,?,?,?,?,?,?,?,?,?,?,?,SHEET,0.6,520.0,762,?,0,?,1
?,C,R,0,0,?,S,2.0,0,?,?,E,?,?,?,?,B,?,?,?,?,?,?,?,?,?,?,?,?,?,?,COIL,0.6990000000000001,610.0,0,?,0,?,1
?,C,R,0,0,?,S,2.0,0,?,?,E,?,?,Y,?,?,?,?,?,?,?,?,?,?,?,?,?,?,?,?,SHEET,1.6,609.9,762,?,0,?,1
?,C,?,0,0,?,S,1.0,0,?,?,G,?,?,?,?,?,?,?,?,?,?,?,?,?,?,?,?,?,?,?,SHEET,0.3,610.0,762,Y,0,?,1
?,C,R,0,0,?,S,2.0,0,?,?,?,?,?,?,?,?,?,?,?,?,?,?,?,?,?,?,?,?,?,?,SHEET,1.6,1500.0,612,?,0,?,0
?,C,A,0,0,?,S,2.0,0,?,?,F,?,?,Y,?,?,Y,?,?,?,?,?,?,?,?,?,?,?,?,?,SHEET,0.6990000000000001,1220.0,4880,?,0,?,1
?,C,R,0,0,?,S,2.0,0,?,?,E,?,?,Y,?,B,Y,?,?,?,?,?,?,?,?,?,?,?,?,?,SHEET,1.601,610.0,762,?,0,?,1
?,C,R,0,0,?,S,2.0,0,?,?,E,?,?,Y,?,?,?,?,?,?,?,?,?,?,?,?,?,?,?,?,SHEET,3.2,150.0,4880,?,0,?,1
?,C,R,0,0,?,S,2.0,0,?,?,E,?,?,?,?,?,?,?,?,?,Y,?,?,?,?,?,?,?,?,?,SHEET,0.7,1320.0,762,?,0,?,1
?,C,A,0,0,?,S,2.0,0,?,?,G,?,?,?,?,?,?,?,?,?,?,?,?,?,?,?,?,?,?,?,COIL,0.4,20.0,0,?,0,?,1
?,C,R,0,0,?,S,2.0,0,?,?,E,?,?,Y,?,?,?,?,?,?,?,?,?,?,?,?,?,?,?,?,COIL,0.8,609.9,0,?,0,?,1
?,C,R,0,0,?,S,2.0,0,?,?,E,?,?,Y,?,B,?,?,?,?,?,?,?,?,?,?,?,?,?,?,SHEET,0.7,1300.0,4880,?,0,?,1
?,C,A,0,60,T,?,?,0,?,?,G,?,?,?,?,B,Y,?,?,?,Y,?,?,?,?,?,?,?,?,?,SHEET,0.8009999999999999,255.1,269,?,0,?,1
?,C,W,0,0,?,?,?,310,?,?,G,?,?,?,?,?,?,?,?,?,?,?,?,?,?,?,?,?,?,?,COIL,2.5,610.0,0,?,600,?,1
?,C,A,0,45,?,S,?,0,?,?,D,?,?,?,?,?,?,?,?,?,?,?,?,?,?,?,?,?,?,?,COIL,0.7,1320.0,0,?,0,?,1
ZS,C,A,0,0,?,S,5.0,0,N,?,E,?,?,?,?,?,?,?,?,?,?,?,?,?,?,?,?,?,?,?,COIL,1.0,609.9,0,?,0,?,1
ZS,C,A,0,85,T,?,?,0,?,?,E,?,?,?,Y,?,?,?,?,?,?,?,?,?,?,?,?,?,?,?,SHEET,0.4,610.0,762,?,0,?,0
TN,C,A,0,0,?,?,3.0,0,N,?,?,?,?,?,?,?,?,?,C,?,?,?,?,?,?,?,?,?,?,?,SHEET,0.6,610.0,761,?,0,?,0
?,C,R,0,0,?,S,2.0,0,?,?,E,?,?,?,?,?,?,?,?,?,Y,?,?,?,?,?,?,?,?,?,SHEET,0.7,609.9,4170,?,0,?,1
?,C,A,0,0,?,?,?,500,?,?,G,?,?,?,?,?,?,?,?,?,?,?,?,?,?,?,?,?,?,?,COIL,1.6,1320.0,0,?,0,?,1
?,C,A,0,0,?,S,2.0,0,?,?,G,?,?,?,?,B,?,?,?,?,?,?,?,?,?,?,?,?,?,?,SHEET,3.2,610.0,4880,?,0,?,1
?,C,?,0,50,T,?,?,0,?,?,G,?,?,?,Y,?,?,?,?,?,?,?,?,?,?,?,?,?,?,?,COIL,0.601,610.0,0,?,0,?,1
?,C,A,0,0,?,S,2.0,0,?,?,E,?,?,?,?,?,?,?,?,?,Y,?,?,?,?,?,?,?,?,?,COIL,1.6,610.0,0,?,0,2.0,1
?,C,R,0,0,?,S,3.0,0,?,?,E,?,?,?,?,?,?,?,?,?,?,?,?,?,?,?,?,?,?,?,SHEET,0.6990000000000001,609.9,762,?,0,?,1
?,C,?,0,0,?,A,2.0,0,?,?,G,?,?,?,?,?,?,?,?,?,?,?,?,?,?,?,?,?,?,?,COIL,0.7,610.0,0,?,0,?,1
TN,C,A,0,0,?,S,3.0,0,N,?,?,?,?,?,?,?,?,?,?,?,?,?,?,?,?,?,?,?,?,?,COIL,1.6,609.9,0,?,0,?,0
?,C,W,0,0,?,?,?,310,?,?,G,?,?,Y,?,?,?,?,?,?,?,?,?,?,?,?,?,?,?,?,SHEET,1.6,610.0,762,?,0,?,1
ZS,C,A,0,50,T,?,?,0,?,?,E,?,?,Y,?,?,?,?,?,?,?,?,?,?,?,?,?,?,?,?,COIL,0.3,610.0,0,?,0,?,1
?,C,R,0,0,?,S,2.0,0,?,?,E,?,?,?,?,?,Y,?,?,?,?,?,?,?,?,?,?,?,?,?,COIL,3.2,1320.0,0,?,0,?,1
?,C,R,0,0,?,?,?,500,?,?,?,?,?,?,?,?,?,?,?,?,?,?,?,?,?,?,?,?,?,?,COIL,1.6,609.9,0,?,0,?,1
?,C,R,0,0,?,S,2.0,0,?,?,E,?,?,?,?,B,Y,?,?,?,?,?,?,?,?,?,?,?,?,?,SHEET,0.6990000000000001,595.0,762,?,0,?,1
?,C,A,0,0,?,S,2.0,0,?,?,E,?,?,?,?,?,?,?,?,?,?,?,?,?,?,?,?,?,?,?,SHEET,0.6990000000000001,1320.0,762,Y,0,?,1
?,C,R,0,0,?,S,2.0,0,?,?,E,?,?,Y,?,?,Y,?,?,?,?,?,?,?,?,?,?,?,?,?,SHEET,3.2,1300.0,4880,?,0,?,1
?,C,R,0,0,?,S,2.0,0,?,?,E,?,?,?,?,?,?,?,?,?,Y,?,?,?,?,?,?,?,?,?,COIL,0.7,1220.0,0,?,0,?,1
?,C,R,0,0,?,S,2.0,0,?,?,E,?,?,?,?,?,?,?,?,?,?,?,?,?,?,?,?,?,?,?,SHEET,0.6990000000000001,610.0,762,N,0,?,1
?,C,M,0,0,?,?,?,600,?,?,G,?,?,?,?,?,?,?,?,?,?,?,?,?,?,?,?,?,?,?,SHEET,1.2990000000000002,1050.0,1220,?,0,?,0
?,C,K,65,0,?,?,?,0,?,?,?,?,?,?,?,?,?,?,?,?,?,?,?,?,?,?,?,?,?,?,COIL,1.09,610.0,0,?,0,?,1
?,C,R,6,0,T,?,?,0,?,?,?,?,?,?,?,?,?,?,?,?,?,?,?,?,?,?,?,?,?,?,SHEET,1.0,1320.0,762,?,0,?,1
?,C,S,70,0,?,?,?,0,?,?,?,?,?,?,?,M,?,?,?,?,?,?,?,?,?,?,?,?,?,?,SHEET,2.5,610.0,762,?,0,?,1
?,C,K,65,0,?,?,?,0,?,?,?,?,?,?,?,?,?,?,?,?,?,?,?,?,?,?,?,?,?,?,COIL,1.0,610.0,0,?,0,?,1
?,C,R,0,0,?,S,2.0,0,?,?,E,?,?,?,?,B,Y,?,?,?,?,?,?,?,?,?,?,?,?,?,SHEET,0.6990000000000001,609.0,612,?,0,?,1
?,C,A,0,0,?,S,2.0,0,?,?,E,?,?,?,?,B,?,?,?,?,?,?,?,?,?,?,?,?,?,?,COIL,0.4,610.0,0,?,0,?,1
TN,C,A,0,0,?,?,3.0,0,N,?,?,?,?,?,?,?,?,?,C,?,?,?,?,?,?,?,?,?,?,?,SHEET,1.6,610.0,4880,?,0,?,0
?,C,A,0,60,T,?,?,0,?,?,G,?,?,?,?,?,?,?,?,?,Y,?,?,?,?,?,?,?,?,?,COIL,0.8,710.1,0,?,0,?,1
?,C,A,0,60,T,?,?,0,?,?,G,?,?,?,?,?,?,?,?,?,?,?,?,?,?,?,Y,?,?,?,COIL,2.8,610.0,0,?,600,?,1
?,C,A,0,0,?,S,2.0,0,?,?,E,?,?,?,?,B,?,?,?,?,?,?,?,?,?,?,?,?,?,?,COIL,0.4,609.9,0,?,0,?,1
TN,C,A,0,0,?,?,3.0,0,N,?,?,?,?,?,?,?,?,?,C,?,?,?,?,?,?,?,?,?,?,?,SHEET,0.6,335.0,611,?,0,?,0
?,C,A,0,0,?,S,2.0,0,?,?,G,?,?,?,?,B,Y,?,?,?,Y,?,?,?,?,?,?,?,?,?,SHEET,0.7,1300.0,4170,?,0,?,1
?,C,A,0,45,?,S,?,0,?,?,D,?,?,?,?,B,?,?,?,?,?,?,?,?,?,?,?,?,?,?,SHEET,0.3,610.0,4880,?,0,?,1
?,C,A,0,0,?,S,2.0,0,?,?,F,?,?,Y,?,?,?,?,?,?,?,?,?,?,?,?,?,?,?,?,SHEET,0.6990000000000001,1220.0,4880,?,0,?,1
?,C,R,0,0,?,S,2.0,0,?,?,E,?,?,Y,?,?,?,?,?,?,?,?,?,?,?,?,?,?,?,?,COIL,0.6990000000000001,610.0,0,?,0,?,1
?,C,A,0,45,?,S,?,0,?,?,D,?,?,Y,?,?,?,?,?,?,?,?,?,?,?,?,?,?,?,?,SHEET,0.6990000000000001,610.0,4880,N,0,?,1
?,C,A,0,0,?,S,2.0,0,?,?,G,?,?,?,?,B,?,?,?,?,?,?,?,?,?,?,?,?,?,?,COIL,0.799,1300.0,0,?,0,?,1
?,C,A,0,0,?,S,2.0,0,?,?,E,?,Y,Y,?,?,?,?,?,?,?,?,?,?,?,?,?,?,?,?,COIL,1.6,606.9,0,?,0,?,1
?,C,R,0,0,?,S,2.0,0,?,?,?,?,?,?,?,?,?,?,?,?,?,?,?,?,?,?,?,?,?,?,SHEET,1.2,335.0,3000,?,0,?,0
?,C,R,0,0,?,S,2.0,0,?,?,E,?,?,?,?,?,?,?,?,?,Y,?,?,?,?,?,?,?,?,?,SHEET,1.2,610.0,4170,?,0,?,1
?,C,R,0,0,?,S,2.0,0,?,?,E,?,?,?,?,B,?,?,?,?,Y,?,?,?,?,?,?,?,?,?,COIL,0.7,1220.0,0,?,0,?,1
?,C,R,0,0,?,S,2.0,0,?,?,E,?,?,?,Y,?,?,?,?,?,?,?,?,?,?,?,?,?,?,?,SHEET,3.2,1300.0,762,?,0,?,1
?,C,S,70,0,?,?,?,0,?,?,?,?,?,?,?,?,?,?,?,?,?,?,?,?,?,?,?,?,?,?,SHEET,1.6,1320.0,762,?,0,?,1
?,C,M,0,0,?,?,?,600,?,?,G,?,?,?,?,?,?,?,?,?,?,?,?,?,?,?,?,?,?,?,SHEET,0.9,1050.0,1220,?,0,?,0
?,C,R,0,0,?,S,2.0,0,?,?,E,?,?,?,?,?,Y,?,?,?,?,?,?,?,?,?,?,?,?,?,SHEET,0.6990000000000001,610.0,4880,Y,0,?,1
?,C,W,0,0,?,?,?,310,?,?,G,?,?,?,?,?,?,?,?,?,?,?,?,?,?,?,?,?,?,?,COIL,2.501,600.1,0,?,0,?,1
ZS,C,A,0,85,T,?,?,0,?,?,E,?,?,?,?,?,?,?,?,?,?,?,?,?,?,?,?,?,?,?,COIL,0.321,1220.0,0,?,0,?,0
?,C,A,0,85,T,?,?,0,?,?,G,?,?,?,?,M,?,?,?,?,?,?,?,?,?,?,Y,?,?,?,COIL,3.201,1000.0,0,?,600,?,0
TN,C,A,0,0,?,?,3.0,0,N,?,?,?,?,?,?,?,?,?,?,?,?,?,?,Y,?,?,?,?,?,?,COIL,1.6,50.0,0,?,0,?,0
TN,C,A,0,0,?,?,3.0,0,N,?,?,?,?,?,?,?,?,?,C,?,?,?,?,?,?,?,?,?,?,?,SHEET,1.2,609.9,1,?,0,?,0
?,C,R,0,0,?,S,2.0,0,?,?,E,?,?,?,?,?,?,?,?,?,?,?,?,?,?,?,?,?,?,?,SHEET,0.6990000000000001,1320.0,762,N,0,?,1
?,C,A,0,60,T,?,?,0,?,?,G,?,?,?,?,B,Y,?,?,?,Y,?,?,?,?,?,?,?,?,?,SHEET,0.8009999999999999,255.1,270,?,0,?,1
?,C,A,0,0,?,S,2.0,0,?,?,F,?,?,Y,?,?,?,?,?,?,?,?,?,?,?,?,?,?,?,?,SHEET,0.6,1220.0,761,?,0,?,1
?,C,K,45,0,?,?,?,0,?,?,?,?,?,?,?,M,?,?,?,?,?,?,?,?,?,?,?,?,?,?,COIL,3.2,900.0,0,?,600,?,1
?,C,R,6,0,T,?,?,0,?,?,?,?,?,?,?,?,?,?,?,?,?,?,?,?,?,?,?,?,?,?,SHEET,1.0,610.0,4880,?,0,?,1
?,C,R,0,0,?,S,2.0,0,?,?,E,?,?,Y,?,?,?,?,?,?,?,?,?,?,?,?,?,?,?,?,SHEET,3.2,1320.0,4880,?,0,?,1
?,C,S,70,0,?,?,?,0,?,?,?,?,?,?,?,M,?,?,?,?,?,?,?,?,?,?,?,?,?,?,SHEET,2.5,610.0,4880,?,0,?,1
?,C,A,0,0,?,S,3.0,0,N,?,E,?,?,?,?,?,?,?,?,?,?,?,?,?,?,?,?,?,?,?,SHEET,0.601,610.0,762,?,0,?,1
?,C,M,0,0,?,?,?,350,?,?,G,?,?,?,Y,M,?,?,?,?,?,?,?,?,?,?,?,?,?,?,COIL,1.4,1310.0,0,?,0,?,1
?,C,K,55,0,?,?,?,0,?,?,?,?,?,?,?,?,?,?,?,?,?,?,?,?,?,?,?,?,?,?,COIL,1.09,610.0,0,?,0,?,1
?,C,S,70,0,?,?,?,0,?,?,?,?,?,?,?,?,?,?,?,?,?,?,?,?,?,?,?,?,?,?,COIL,3.2,609.9,0,?,0,?,1
?,C,A,0,0,?,S,2.0,0,?,?,E,?,?,Y,?,?,?,?,?,?,?,?,?,?,?,?,?,?,?,?,SHEET,0.3,1320.0,762,Y,0,?,1
?,C,W,0,0,?,?,?,310,?,?,G,?,?,?,?,?,?,?,?,?,?,?,?,?,?,?,?,?,?,?,COIL,1.599,1275.0,0,?,0,?,1
?,C,A,0,60,T,?,?,0,?,?,G,?,?,?,?,M,?,?,?,?,?,?,?,?,?,?,?,?,?,?,COIL,2.801,610.0,0,?,600,?,1
TN,C,A,0,0,?,?,3.0,0,N,?,?,?,?,?,?,?,?,?,?,P,?,?,?,?,?,?,?,?,?,?,SHEET,1.6,1220.0,762,?,0,?,0
?,C,R,0,0,?,S,3.0,0,?,?,E,?,?,?,?,?,?,?,?,?,?,?,?,?,?,?,?,?,?,?,SHEET,0.6,609.0,612,?,0,?,1
?,C,R,6,0,T,?,?,0,?,?,?,?,?,?,?,?,?,?,?,?,?,?,?,?,?,?,?,?,?,?,SHEET,1.0,610.0,762,?,0,?,1
?,C,R,0,0,?,S,2.0,0,?,?,E,?,?,Y,?,?,?,?,?,?,?,?,?,?,?,?,?,?,?,?,SHEET,3.2,1320.0,762,?,0,?,1
?,C,?,0,0,T,S,2.0,0,?,?,?,?,?,?,?,?,?,?,?,?,?,?,?,?,?,?,?,?,?,?,COIL,0.7,1320.0,0,?,0,?,1
?,C,R,0,0,?,S,2.0,0,?,?,E,?,?,?,?,?,Y,?,?,?,?,?,?,?,?,?,?,?,?,?,SHEET,3.2,1300.0,4880,?,0,?,1
?,C,A,0,0,?,S,2.0,0,?,?,E,?,?,?,?,B,?,?,?,?,?,?,?,?,?,?,?,?,?,?,SHEET,1.6,150.0,762,?,0,?,1
?,C,A,0,45,?,S,?,0,?,?,D,?,?,?,?,?,?,?,?,?,?,?,?,?,?,?,?,?,?,?,SHEET,1.6,610.0,762,?,0,?,1
?,C,K,45,0,?,?,?,0,?,?,?,?,?,?,?,?,?,?,?,?,?,?,?,?,?,?,?,?,?,?,COIL,1.1,610.0,0,?,0,?,1
?,C,A,0,45,?,S,?,0,?,?,D,?,?,?,?,?,Y,?,?,?,?,?,?,?,?,?,?,?,?,?,SHEET,0.7,610.0,762,?,0,?,1
?,C,A,0,60,T,?,?,0,?,?,G,?,?,?,?,?,?,?,?,?,?,?,?,?,?,?,?,?,?,?,COIL,0.6,1320.0,0,?,0,?,1
?,C,A,0,0,?,S,3.0,0,N,?,E,?,?,?,?,?,?,?,?,?,Y,?,?,?,?,?,?,?,?,?,COIL,0.601,1220.0,0,?,0,?,1
ZS,C,R,0,0,?,A,2.0,0,?,?,G,?,?,?,?,?,?,?,?,?,?,?,?,?,?,?,?,?,?,?,COIL,0.6990000000000001,609.9,0,?,0,?,1
?,C,A,4,0,T,?,?,0,?,?,G,?,?,?,?,?,?,?,?,?,?,?,?,?,?,?,?,?,?,?,COIL,0.5,1130.0,0,?,0,?,1
?,C,A,0,0,?,S,3.0,0,N,?,F,?,?,?,?,B,Y,?,?,?,Y,?,?,?,?,?,?,?,?,?,SHEET,0.6,610.0,4170,?,0,?,1
?,C,R,0,0,?,S,2.0,0,?,?,E,?,?,?,?,?,Y,?,?,?,Y,?,?,?,?,?,?,?,?,?,SHEET,1.2,1320.0,4170,?,0,?,1
?,C,R,0,0,?,A,3.0,0,?,?,G,?,?,?,?,?,?,?,?,?,Y,?,?,?,?,?,?,?,?,?,COIL,0.4,58.0,0,?,0,?,1
?,C,K,45,0,?,?,?,0,?,?,?,?,?,?,?,?,?,?,?,?,?,?,?,?,?,?,Y,?,?,?,COIL,0.6,900.0,0,?,0,?,1
?,C,A,0,0,?,S,2.0,0,?,?,F,?,?,Y,?,?,?,?,?,?,?,?,?,?,?,?,?,?,?,?,SHEET,0.6,300.1,762,?,0,?,1
?,C,R,0,0,?,S,2.0,0,?,?,E,?,?,?,?,?,?,?,?,?,?,?,?,?,?,?,?,?,?,?,SHEET,0.4,1320.0,4880,N,0,?,1
?,C,A,0,70,T,?,?,0,?,?,G,?,?,?,?,?,?,?,?,?,?,?,?,?,?,?,?,?,?,?,COIL,0.8,50.0,0,?,0,?,1
?,C,A,0,0,?,S,2.0,0,?,?,G,?,?,Y,?,B,Y,?,?,?,?,?,?,?,?,?,?,?,?,?,SHEET,1.599,1300.0,4880,?,0,?,1
?,C,A,0,85,T,?,?,0,?,?,G,?,?,?,?,?,?,?,?,?,?,?,?,?,?,?,?,?,?,?,COIL,3.2,610.0,0,Y,0,?,0
?,C,V,0,0,?,S,2.0,0,?,?,?,1.0,?,?,?,?,?,?,?,?,?,?,?,?,?,?,?,?,?,?,SHEET,0.7,1320.0,762,?,0,?,1
?,C,R,0,0,?,S,3.0,0,?,?,E,?,?,?,?,?,?,?,?,?,?,?,?,?,?,?,?,?,?,?,COIL,1.0,75.0,0,?,0,?,1
?,C,R,0,0,?,A,3.0,0,?,?,G,?,?,?,?,?,?,?,?,?,?,?,?,?,?,?,?,?,?,?,COIL,0.601,610.0,0,?,0,?,1
?,C,?,0,0,?,?,?,500,?,P,?,?,?,?,?,?,?,?,?,?,?,?,?,?,?,?,?,?,?,?,SHEET,1.6,610.0,762,?,0,?,0
ZS,C,R,0,0,?,A,2.0,0,?,?,G,?,?,?,?,?,?,?,?,?,?,?,?,?,?,?,?,?,?,?,COIL,0.6990000000000001,1250.0,0,?,0,?,1
?,C,A,0,70,T,?,?,0,?,?,G,?,?,?,?,?,?,?,?,?,?,?,?,?,?,?,?,?,?,?,COIL,0.8009999999999999,610.0,0,?,600,?,1
?,C,K,45,0,?,?,?,0,?,?,?,?,?,?,?,?,?,?,?,?,?,?,?,?,?,?,?,?,?,?,COIL,0.6,900.0,0,?,0,?,1
?,C,?,0,0,?,S,1.0,0,?,?,G,?,?,?,?,B,Y,?,?,?,?,?,?,?,?,?,?,?,?,?,SHEET,0.301,515.0,610,Y,0,?,1
?,C,A,0,45,?,S,?,0,?,?,D,?,?,?,?,B,Y,?,?,?,?,?,?,?,?,?,?,?,?,?,SHEET,0.6990000000000001,1220.0,761,?,0,?,1
?,C,R,0,0,?,S,3.0,0,?,?,E,?,?,?,?,?,?,?,?,?,?,?,?,?,?,?,?,?,?,?,SHEET,0.601,609.0,4880,?,0,?,1
?,C,A,0,85,T,?,?,0,?,?,G,?,?,?,?,?,?,?,?,?,?,?,?,?,?,?,?,?,?,?,SHEET,1.2,1220.0,4880,?,0,?,0
ZS,C,A,0,0,?,S,3.0,0,N,?,E,?,?,?,?,?,?,?,?,?,?,?,?,?,?,?,?,?,?,?,COIL,0.6990000000000001,610.0,0,?,0,?,1
?,C,R,0,0,?,S,2.0,0,?,?,E,?,?,?,?,M,?,?,?,?,?,?,?,?,?,?,?,?,?,?,COIL,3.201,385.1,0,?,0,?,1
?,C,R,0,0,?,S,2.0,0,?,?,?,?,?,Y,?,?,?,?,?,?,?,?,?,?,?,?,?,?,?,?,SHEET,0.8,1320.0,762,?,0,?,0
?,C,A,0,0,?,S,2.0,0,?,?,E,?,?,Y,?,?,?,?,?,?,?,?,?,?,?,?,?,?,?,?,SHEET,0.6990000000000001,610.0,4880,Y,0,?,1
?,C,A,0,0,?,S,2.0,0,?,?,G,?,?,?,?,?,?,?,?,?,?,?,?,?,?,?,?,?,?,?,SHEET,0.6990000000000001,1320.0,4880,N,0,?,1
?,C,R,0,0,?,S,2.0,0,?,?,?,?,?,?,?,?,Y,?,?,?,?,?,?,?,?,?,?,?,?,?,SHEET,2.0,610.0,612,?,0,?,0
?,C,W,0,0,?,?,?,310,?,?,G,?,?,?,?,?,?,?,?,?,?,?,?,?,?,?,?,?,?,?,SHEET,1.599,1275.0,762,?,0,?,1
?,C,M,0,0,?,?,?,350,?,?,G,?,?,?,?,?,?,?,?,?,?,?,?,?,?,?,?,?,?,?,COIL,1.6,50.0,0,?,0,?,1
?,C,W,0,0,?,?,?,310,?,?,G,?,?,?,?,?,?,?,?,?,?,?,?,?,?,?,?,?,?,?,COIL,1.6,610.0,0,?,500,?,1
?,C,A,0,0,?,?,?,500,?,?,G,?,?,?,?,?,?,?,?,?,?,?,?,?,?,?,?,?,?,?,COIL,1.6,610.0,0,?,0,?,1
?,C,R,0,0,?,S,2.0,0,?,?,E,?,?,?,?,B,?,?,?,?,?,?,?,?,?,?,?,?,?,?,COIL,0.4,1320.0,0,?,0,?,1
?,C,A,0,0,?,S,3.0,0,N,?,E,?,?,?,?,?,?,?,?,?,?,?,?,?,?,?,Y,?,?,?,COIL,0.6,1320.0,0,?,0,?,1
?,C,A,0,0,?,S,2.0,0,?,?,E,?,?,?,?,?,?,?,?,?,?,?,?,?,?,?,?,?,?,?,COIL,3.2,1320.0,0,?,0,?,1
?,C,R,0,0,?,S,3.0,0,?,?,?,?,?,?,?,?,Y,?,?,?,?,?,?,?,?,?,?,?,?,?,SHEET,0.8,1320.0,762,?,0,?,0
?,C,V,0,0,?,S,2.0,0,?,?,?,2.0,?,?,?,?,?,?,?,?,?,?,?,?,?,?,?,?,?,?,SHEET,1.599,150.0,762,?,0,?,0
?,C,R,0,0,?,S,2.0,0,?,?,E,?,?,?,?,?,?,?,?,?,?,?,?,?,?,?,?,?,?,?,SHEET,3.2,1320.0,4880,?,0,?,1
?,C,R,0,0,?,S,2.0,0,?,?,E,?,?,?,?,?,?,?,?,?,?,?,?,?,?,?,Y,?,?,?,COIL,1.2009999999999998,50.0,0,?,0,?,1
?,C,A,0,45,?,S,?,0,?,?,D,?,?,?,?,?,?,?,?,?,?,?,?,?,?,?,?,?,?,?,SHEET,0.599,1320.0,761,?,0,?,1
?,C,R,0,0,?,S,2.0,0,?,?,?,?,?,?,?,?,?,?,?,?,?,?,?,?,?,?,?,?,?,?,SHEET,1.2,609.9,612,?,0,?,0
?,C,V,0,0,?,S,2.0,0,?,?,?,2.0,?,?,?,?,?,?,?,?,?,?,?,?,?,?,?,?,?,?,COIL,1.2009999999999998,1525.0,0,?,0,?,0
?,C,?,0,45,?,S,?,0,?,?,E,?,?,?,?,?,?,?,?,?,Y,?,?,?,?,?,?,?,?,?,SHEET,0.7,1320.0,762,?,0,?,1
?,C,A,0,70,T,?,?,0,?,?,G,?,?,?,?,?,?,?,?,?,?,?,?,?,?,?,?,?,?,?,COIL,2.5,610.0,0,?,600,?,1
?,C,A,0,0,?,S,2.0,0,?,?,E,?,?,Y,?,?,?,?,?,?,?,?,?,?,?,?,?,?,?,?,SHEET,0.3,610.0,762,Y,0,?,1
?,C,A,0,50,T,?,?,0,?,?,G,?,?,?,?,?,?,?,?,?,?,?,?,?,?,?,?,?,?,?,COIL,0.8,609.9,0,?,0,?,1
?,C,R,0,0,?,S,2.0,0,?,?,?,?,?,?,?,?,?,?,?,?,?,?,?,?,?,?,?,?,?,?,COIL,1.6,609.9,0,?,0,?,0
?,C,K,65,0,?,?,?,0,?,?,?,?,?,?,?,?,?,?,?,?,?,?,?,?,?,?,?,?,?,?,COIL,1.1,610.0,0,?,0,?,1
ZS,C,A,0,85,T,?,?,0,?,?,E,?,?,?,Y,?,?,?,?,?,Y,?,?,?,?,?,?,?,?,?,SHEET,1.2,1200.0,150,?,0,?,0
ZS,C,R,0,0,?,A,2.0,0,?,?,G,?,?,?,?,?,?,?,?,?,?,?,?,?,?,?,?,?,?,?,COIL,0.6990000000000001,20.0,0,?,0,?,1
?,C,A,0,0,?,S,2.0,0,?,?,G,?,?,?,?,?,?,?,?,?,?,?,?,?,?,?,?,?,?,?,SHEET,1.2,335.0,4170,?,0,?,1
?,C,M,0,0,?,?,?,600,?,?,G,?,?,?,Y,?,?,?,?,?,?,?,?,?,?,?,?,?,?,?,COIL,1.3,1090.0,0,?,0,?,0
?,C,A,0,0,?,S,2.0,0,?,?,E,?,?,?,?,?,?,?,?,?,Y,?,?,?,?,?,?,?,?,?,COIL,0.7,20.0,0,?,0,?,1
TN,C,?,0,0,?,A,1.0,0,?,?,?,?,?,?,?,?,?,?,?,?,?,?,?,Y,?,?,?,?,?,?,COIL,1.6,610.0,0,?,0,?,0
?,C,A,4,0,T,?,?,0,?,?,G,?,?,?,?,?,?,?,?,?,?,?,?,?,?,?,?,?,?,?,COIL,1.0,25.0,0,?,0,?,1
?,C,R,0,0,?,S,2.0,0,?,?,E,?,?,?,?,B,?,?,?,?,?,?,?,?,?,?,?,?,?,?,COIL,3.2,609.9,0,?,0,?,1
?,C,R,0,0,?,S,2.0,0,?,?,E,?,?,?,?,B,Y,?,?,?,?,?,?,?,?,?,?,?,?,?,SHEET,0.6990000000000001,610.0,150,?,0,?,1
?,C,A,0,0,?,S,3.0,0,N,?,F,?,?,?,?,?,?,?,?,?,?,?,?,?,?,?,?,?,?,?,SHEET,0.75,610.0,4880,?,0,?,1
?,C,K,45,0,?,?,?,0,?,?,?,?,?,?,?,?,?,?,?,?,?,?,?,?,?,?,?,?,?,?,COIL,1.5,640.0,0,?,0,?,1
?,C,A,0,0,?,S,3.0,0,N,?,E,?,?,?,?,?,?,?,?,?,?,?,?,?,?,?,?,?,?,?,SHEET,1.0,610.0,4880,?,0,?,1
?,C,M,0,0,?,?,?,350,?,?,G,?,?,?,?,?,?,?,?,?,?,?,?,?,?,?,?,?,?,?,COIL,1.399,609.9,0,?,0,?,1
ZS,C,A,0,50,T,?,?,0,?,?,E,?,?,?,?,B,?,?,?,?,?,?,?,?,?,?,?,?,?,?,SHEET,0.451,1250.0,762,?,0,?,1
?,C,R,6,0,T,?,?,0,?,?,?,?,?,Y,?,?,?,?,?,?,?,?,?,?,?,?,?,?,?,?,COIL,0.5,25.0,0,?,0,?,1
?,C,R,0,0,?,S,2.0,0,?,?,E,?,?,?,Y,M,?,?,?,?,?,?,?,?,?,?,?,?,?,?,COIL,3.5,610.0,0,?,600,?,1
?,C,A,0,0,?,S,2.0,0,?,?,G,?,?,?,?,?,?,?,?,?,Y,?,?,?,?,?,?,?,?,?,COIL,0.4,609.9,0,?,0,?,1
?,C,R,0,0,?,S,3.0,0,?,?,?,?,?,?,?,B,Y,?,?,?,?,?,?,?,?,?,?,?,?,?,SHEET,0.8,1320.0,4880,?,0,?,0
?,C,?,0,70,T,?,?,0,?,?,G,?,?,?,?,?,?,?,?,?,?,?,?,?,?,?,?,?,?,?,COIL,0.799,609.0,0,?,0,?,1
?,C,A,0,45,?,S,?,0,?,?,D,?,?,?,?,?,?,?,?,?,?,?,?,?,?,?,?,?,?,?,COIL,1.6,610.0,0,?,0,?,1
?,C,A,0,0,?,S,2.0,0,?,?,F,?,?,Y,?,?,?,?,?,?,?,?,?,?,?,?,?,?,?,?,SHEET,0.6,520.0,0,?,0,?,1
?,C,S,0,0,?,?,?,400,?,?,?,?,?,?,?,?,?,?,?,?,?,?,?,?,?,?,?,?,?,?,COIL,1.0,75.0,0,?,0,?,0
?,C,S,0,0,?,?,?,700,?,?,?,?,?,?,?,?,?,?,?,?,?,?,?,?,?,?,?,?,?,?,COIL,1.0,609.9,0,?,0,?,0
?,C,A,0,45,?,S,?,0,?,?,D,?,?,?,?,?,?,?,?,?,?,?,?,?,?,?,?,?,?,?,SHEET,0.3,610.0,761,?,0,?,1
?,C,A,0,60,T,?,?,0,?,?,G,?,?,?,?,?,?,?,?,?,?,?,?,?,?,?,?,?,?,?,COIL,2.801,50.0,0,?,0,?,1
?,C,K,45,0,?,?,?,0,?,?,?,?,?,?,Y,M,?,?,?,?,?,?,?,?,?,?,?,?,?,?,COIL,2.2,640.0,0,?,0,?,1
?,C,R,0,0,?,S,2.0,0,?,?,E,?,?,?,?,?,?,?,?,?,?,?,?,?,?,?,?,?,?,?,COIL,0.9,966.0,0,?,0,?,1
?,C,R,0,0,?,S,2.0,0,?,?,?,?,?,?,?,?,?,?,?,?,?,?,?,?,?,?,?,?,?,?,COIL,1.599,609.9,0,?,0,?,0
?,C,R,0,0,?,S,2.0,0,?,?,E,?,?,?,?,B,Y,?,?,?,?,?,?,?,?,?,?,?,?,?,SHEET,0.6990000000000001,375.0,612,?,0,?,1
?,C,K,65,0,?,?,?,0,?,?,?,?,?,?,?,?,?,?,?,?,?,?,?,?,?,?,?,?,?,?,COIL,1.09,900.0,0,?,0,?,1
?,C,A,0,0,?,S,2.0,0,?,?,F,?,?,Y,?,B,Y,?,?,?,?,?,?,?,?,?,?,?,?,?,SHEET,0.9990000000000001,1220.0,4880,?,0,?,1
?,C,W,0,0,?,?,?,310,?,?,G,?,?,?,?,?,?,?,?,?,?,?,?,?,?,?,?,?,?,?,COIL,2.5,1274.9,0,?,600,?,1
?,C,A,0,0,?,S,2.0,0,?,?,G,?,?,Y,?,B,Y,?,?,?,?,?,?,?,?,?,?,?,?,?,SHEET,0.7,610.0,4880,?,0,?,1
?,C,K,45,0,?,?,?,0,?,?,?,?,?,?,Y,M,?,?,?,?,?,?,?,?,?,?,?,?,?,?,COIL,3.2,640.0,0,?,600,?,1
?,C,A,0,0,?,S,3.0,0,N,?,E,?,?,?,?,?,?,?,?,?,?,?,?,?,?,?,Y,?,?,?,COIL,0.7,610.0,0,?,0,?,1
?,C,R,0,0,?,S,2.0,0,?,?,?,?,?,?,?,B,Y,?,?,?,?,?,?,?,?,?,?,?,?,?,SHEET,2.0,610.0,612,?,0,?,0
?,C,A,0,60,T,?,?,0,?,?,G,?,?,?,?,?,?,?,?,?,?,?,?,?,?,?,Y,?,?,?,COIL,0.8,50.0,0,?,0,?,1
?,C,R,0,0,?,S,2.0,0,?,?,E,?,?,?,?,B,?,?,?,?,?,?,?,?,?,?,?,?,?,?,SHEET,1.6,500.0,762,?,0,?,1
ZS,C,A,0,85,T,?,?,0,?,?,E,?,?,?,Y,?,?,?,?,?,?,?,?,?,?,?,?,?,?,?,SHEET,0.4,1220.0,762,?,0,?,0
?,C,R,0,0,?,S,2.0,0,?,?,E,?,?,Y,?,B,Y,?,?,?,?,?,?,?,?,?,?,?,?,?,SHEET,1.601,610.0,4880,?,0,?,1
?,C,?,0,0,?,S,1.0,0,?,?,G,?,?,?,?,B,Y,?,?,?,?,?,?,?,?,?,?,?,?,?,SHEET,0.3,595.0,4880,?,0,?,1
ZS,C,A,0,85,T,?,?,0,?,?,E,?,?,?,Y,?,?,?,?,?,Y,?,?,?,?,?,?,?,?,?,SHEET,0.4,600.0,611,?,0,?,0
?,C,A,0,0,?,S,2.0,0,?,?,E,?,?,Y,?,?,?,?,?,?,?,?,?,?,?,?,?,?,?,?,SHEET,0.7,610.0,4880,?,0,?,1
?,C,R,0,0,?,S,2.0,0,?,?,E,?,?,?,?,?,?,?,?,?,?,?,?,?,?,?,?,?,?,?,SHEET,0.6990000000000001,1320.0,4880,Y,0,?,1
?,C,A,0,0,?,S,2.0,0,?,?,E,?,?,?,?,B,?,?,?,?,?,?,?,?,?,?,?,?,?,?,COIL,3.2,60.0,0,?,0,?,1
?,C,A,0,85,T,?,?,0,?,?,G,?,?,?,?,?,?,?,?,?,?,?,?,?,?,?,?,?,?,?,COIL,1.001,609.9,0,?,0,?,0
?,C,A,0,45,?,S,?,0,?,?,D,?,?,?,?,?,?,?,?,?,?,?,?,?,?,?,?,?,?,?,SHEET,0.6990000000000001,1320.0,4880,N,0,?,1
?,C,R,0,0,?,S,2.0,0,?,?,E,?,?,Y,?,?,?,?,?,?,?,?,?,?,?,?,?,?,?,?,SHEET,1.601,610.0,762,?,0,?,1
?,C,A,0,0,?,S,3.0,0,N,?,E,?,?,?,?,?,?,?,?,?,?,?,?,?,?,?,?,?,?,?,SHEET,1.0,610.0,762,?,0,?,1
?,C,R,0,0,?,S,2.0,0,?,?,E,?,?,?,?,?,?,?,?,?,?,?,?,?,?,?,?,?,?,?,COIL,0.9009999999999999,966.1,0,?,0,?,1
?,C,A,0,0,?,S,2.0,0,?,?,E,?,?,?,?,?,?,?,?,?,?,?,?,?,?,?,Y,?,?,?,COIL,3.3,152.0,0,?,0,?,1
?,C,A,0,45,?,S,?,0,?,?,E,?,?,?,?,?,?,?,?,?,Y,?,?,?,?,?,?,?,?,?,COIL,0.7,610.0,0,?,0,?,1
?,C,A,0,0,?,S,2.0,0,?,?,F,?,?,?,?,?,?,?,?,?,?,?,?,?,?,?,?,?,?,?,SHEET,0.9990000000000001,610.0,762,?,0,?,1
?,C,A,0,0,?,S,2.0,0,?,?,F,?,?,Y,?,B,?,?,?,?,?,?,?,?,?,?,?,?,?,?,SHEET,0.6,520.0,762,?,0,?,1
?,C,R,0,0,?,S,3.0,0,?,?,?,?,?,?,?,?,?,?,?,?,?,?,?,?,?,?,?,?,?,?,SHEET,1.599,150.0,762,?,0,?,0
?,C,M,0,0,?,?,?,350,?,?,G,?,?,?,Y,?,?,?,?,?,?,?,?,?,?,?,?,?,?,?,COIL,1.399,1320.0,0,?,0,?,1
ZS,C,R,0,0,?,S,3.0,0,?,?,E,?,?,?,?,?,?,?,?,?,?,?,?,?,?,?,?,?,?,?,COIL,1.6,1220.0,0,?,0,3.0,1
?,C,A,0,85,T,?,?,0,?,?,G,?,?,?,?,?,?,?,?,?,?,?,?,?,?,?,?,?,?,?,COIL,1.001,50.0,0,?,0,?,0
TN,C,A,0,0,?,?,3.0,0,N,?,?,?,?,?,?,?,?,?,C,?,?,?,?,?,?,?,?,?,?,?,SHEET,1.2,335.0,611,?,0,?,0
TN,C,?,0,0,?,A,1.0,0,?,?,?,?,?,?,?,?,?,?,?,P,?,?,?,?,?,?,?,?,?,?,SHEET,1.6,610.0,762,?,0,?,0
?,C,A,0,45,?,S,?,0,?,?,D,?,?,?,?,?,Y,?,?,?,?,?,?,?,?,?,?,?,?,?,SHEET,0.7,1320.0,4880,?,0,?,1
?,C,?,0,50,T,?,?,0,?,?,G,?,?,?,?,?,?,?,?,?,?,?,?,?,?,?,Y,?,?,?,COIL,0.451,1320.0,0,?,0,?,1
?,C,R,0,0,?,S,2.0,0,?,?,?,?,?,Y,?,?,?,?,?,?,?,?,?,?,?,?,?,?,?,?,SHEET,2.0,1500.0,4170,?,0,?,0
?,C,A,0,0,?,S,2.0,0,?,?,F,?,?,Y,?,B,Y,?,?,?,?,?,?,?,?,?,?,?,?,?,SHEET,0.6,300.1,4880,?,0,?,1
?,C,A,0,0,?,S,2.0,0,?,?,F,?,?,Y,?,B,Y,?,?,?,?,?,?,?,?,?,?,?,?,?,SHEET,0.6990000000000001,1320.0,761,?,0,?,1
?,C,A,0,0,?,S,2.0,0,?,?,E,?,?,?,?,?,?,?,?,?,Y,?,?,?,?,?,?,?,?,?,COIL,1.2,599.9,0,?,0,?,1
?,C,R,0,0,?,S,3.0,0,?,?,E,?,?,?,?,?,?,?,?,?,?,?,?,?,?,?,?,?,?,?,COIL,0.8,609.9,0,?,0,?,1
?,C,R,0,0,?,S,2.0,0,?,?,E,?,?,?,?,?,?,?,?,?,?,?,?,?,?,?,Y,?,?,?,COIL,3.2,1320.0,0,?,0,?,1
?,C,R,6,0,T,?,?,0,?,?,?,?,?,Y,?,?,?,?,?,?,?,?,?,?,?,?,?,?,?,?,SHEET,1.0,610.0,4880,?,0,?,1
?,C,R,0,0,?,S,2.0,0,?,?,E,?,?,?,?,?,?,?,?,?,?,?,?,?,?,?,?,?,?,?,SHEET,3.2,1320.0,762,?,0,?,1
ZS,C,A,0,50,T,?,?,0,?,?,E,?,?,Y,?,?,?,?,?,?,Y,?,?,?,?,?,?,?,?,?,COIL,0.451,20.0,0,?,0,?,1
?,C,A,0,45,?,S,?,0,?,?,D,?,?,?,?,B,Y,?,?,?,?,?,?,?,?,?,?,?,?,?,SHEET,1.6,1300.0,4880,?,0,?,1
?,C,A,0,85,T,?,?,0,?,?,G,?,?,?,?,?,?,?,?,?,?,?,?,?,?,?,?,?,?,?,COIL,1.2009999999999998,610.0,0,Y,0,?,0
?,C,A,0,0,?,S,2.0,0,?,?,F,?,?,Y,?,?,?,?,?,?,?,?,?,?,?,?,?,?,?,?,SHEET,0.6,610.0,4880,?,0,?,1
?,C,?,0,0,?,S,1.0,0,?,?,G,?,?,?,?,?,?,?,?,?,?,?,?,?,?,?,?,?,?,?,SHEET,0.6990000000000001,610.0,762,Y,0,?,1
?,C,A,0,45,?,S,?,0,?,?,D,?,?,?,?,?,?,?,?,?,?,?,?,?,?,?,?,?,?,?,COIL,0.7,1320.0,0,?,0,?,1
ZS,C,A,0,0,?,S,5.0,0,N,?,E,?,?,?,?,?,?,?,?,?,?,?,?,?,?,?,?,?,?,?,COIL,0.8,75.0,0,?,0,?,1
?,C,V,0,0,?,S,2.0,0,?,?,?,2.0,?,?,?,?,?,?,?,?,?,?,?,?,?,?,?,?,?,?,SHEET,0.8,1320.0,4880,?,0,?,0
?,C,R,0,0,?,S,2.0,0,?,?,?,?,?,Y,?,?,?,?,?,?,?,?,?,?,?,?,?,?,?,?,SHEET,0.8,1500.0,4170,?,0,?,0
?,C,R,0,0,?,S,2.0,0,?,?,E,?,?,Y,?,?,?,?,?,?,?,?,?,?,?,?,?,?,?,?,SHEET,1.601,1320.0,4880,?,0,?,1
?,C,R,6,0,T,?,?,0,?,?,?,?,?,?,?,?,?,?,?,?,?,?,?,?,?,?,?,?,?,?,COIL,0.5,610.0,0,?,0,?,1
?,C,K,45,0,?,?,?,0,?,?,?,?,?,?,?,?,?,?,?,?,?,?,?,?,?,?,?,?,?,?,COIL,1.5,900.0,0,?,0,?,1
?,C,A,0,0,?,S,2.0,0,?,?,F,?,?,?,?,?,?,?,?,?,?,?,?,?,?,?,?,?,?,?,SHEET,0.7,1220.0,4880,?,0,?,1
?,C,A,0,45,?,S,?,0,?,?,D,?,?,?,?,B,Y,?,?,?,?,?,?,?,?,?,?,?,?,?,SHEET,0.4,610.0,300,?,0,?,1
?,C,R,0,0,?,S,3.0,0,?,?,?,?,?,?,?,?,?,?,?,?,?,?,?,?,?,?,?,?,?,?,SHEET,1.6,610.0,4170,?,0,?,0
ZS,C,A,0,50,T,?,?,0,?,?,E,?,?,?,?,?,?,?,?,?,?,?,?,?,?,?,?,?,?,?,COIL,0.4,1320.0,0,?,0,?,1
?,C,A,0,0,?,S,2.0,0,?,?,E,?,?,?,?,B,?,?,?,?,?,?,?,?,?,?,?,?,?,?,SHEET,0.7,609.9,4880,?,0,?,1
TN,C,A,0,0,?,?,3.0,0,N,?,?,?,?,?,?,?,?,?,?,P,?,?,?,?,?,?,?,?,?,?,SHEET,0.5,610.0,762,?,0,?,0
?,C,M,0,0,?,?,?,350,?,?,G,?,?,?,Y,?,?,?,?,?,?,?,?,?,?,?,?,?,?,?,COIL,0.9,1320.0,0,?,0,?,1
?,C,A,0,60,T,?,?,0,?,?,G,?,?,?,?,M,?,?,?,?,?,?,?,?,?,?,?,?,?,?,COIL,2.801,355.0,0,?,0,?,1
?,C,A,0,80,T,?,?,0,?,?,G,?,?,?,?,?,?,?,?,?,?,?,?,?,?,?,?,?,?,?,SHEET,1.6,1320.0,4170,Y,0,?,0
?,C,A,0,0,?,S,2.0,0,?,?,E,?,?,?,?,?,?,?,?,?,?,?,?,?,?,?,?,?,?,?,COIL,0.4,609.9,0,?,0,?,1
ZS,C,A,0,85,T,?,?,0,?,?,E,?,?,?,Y,?,?,?,?,?,Y,?,?,?,?,?,?,?,?,?,SHEET,1.2,1200.0,611,?,0,?,0
TN,C,A,0,0,?,?,3.0,0,N,?,?,?,?,?,?,?,?,?,?,?,?,?,?,Y,?,?,?,?,?,?,COIL,0.6,249.9,0,?,0,?,0
?,C,A,0,0,?,S,2.0,0,?,?,G,?,?,?,Y,?,?,?,?,?,?,?,?,?,?,?,?,?,?,?,COIL,0.7,610.0,0,?,0,?,1
ZS,C,A,0,0,?,S,5.0,0,N,?,E,?,?,?,?,?,?,?,?,?,?,?,?,?,?,?,?,?,?,?,COIL,0.8,609.9,0,?,0,?,1
?,C,R,0,0,?,?,?,500,?,?,?,?,?,?,?,?,?,?,?,?,?,?,?,?,?,?,?,?,?,?,SHEET,1.0,610.0,4880,?,0,?,1
?,C,R,0,0,?,S,2.0,0,?,?,E,?,?,Y,?,?,?,?,?,?,?,?,?,?,?,?,?,?,?,?,SHEET,1.6,500.0,4880,?,0,?,1
?,C,R,0,0,?,S,2.0,0,?,?,E,?,?,?,?,?,?,?,?,?,?,?,?,?,?,?,?,?,?,?,COIL,1.2,610.0,0,?,0,?,1
?,C,A,0,0,?,S,2.0,0,?,?,F,?,?,Y,?,?,Y,?,?,?,?,?,?,?,?,?,?,?,?,?,SHEET,0.6,610.0,4880,?,0,?,1
TN,C,?,0,0,?,A,1.0,0,?,?,?,?,?,?,?,?,?,?,?,?,?,?,?,Y,?,?,?,?,?,?,SHEET,0.5,609.9,612,?,0,?,0
ZS,C,A,0,0,?,S,5.0,0,N,?,E,?,?,?,?,?,?,?,?,?,?,?,?,?,?,?,?,?,?,?,SHEET,1.2,1250.0,4880,N,0,?,1
?,C,A,0,0,?,S,2.0,0,?,?,E,?,?,?,Y,?,?,?,?,?,?,?,?,?,?,?,?,?,?,?,COIL,0.6990000000000001,1320.0,0,?,0,?,1
?,C,R,0,0,?,S,2.0,0,?,?,E,?,?,?,Y,?,?,?,?,?,?,?,?,?,?,?,?,?,?,?,COIL,0.4,610.0,0,?,0,?,1
?,C,R,0,0,?,S,2.0,0,?,?,E,?,?,?,?,?,?,?,?,?,Y,?,?,?,?,?,?,?,?,?,SHEET,1.2,609.9,4170,?,0,?,1
TN,C,?,0,0,?,A,1.0,0,?,?,?,?,?,?,?,?,?,?,C,?,?,?,?,?,?,?,?,?,?,?,COIL,0.8,50.0,0,?,0,?,0
?,C,W,0,0,?,?,?,310,?,?,G,?,?,?,?,?,?,?,?,?,?,?,?,?,?,?,?,?,?,?,SHEET,1.599,610.0,762,?,0,?,1
?,C,R,0,0,?,S,2.0,0,?,?,?,?,?,?,?,B,Y,?,?,?,?,?,?,?,?,?,?,?,?,?,SHEET,2.0,610.0,4170,?,0,?,0
?,C,R,0,0,?,S,2.0,0,?,?,E,?,?,Y,?,?,?,?,?,?,?,?,?,?,?,?,?,?,?,?,COIL,1.6,1320.0,0,?,0,?,1
?,C,R,0,0,?,S,2.0,0,?,?,E,?,?,?,?,?,?,?,?,?,?,?,?,?,?,?,?,?,?,?,COIL,0.6509999999999999,20.0,0,?,0,?,1
?,C,A,0,0,?,S,2.0,0,?,?,E,?,?,?,?,?,?,?,?,?,?,?,?,?,?,C,?,?,?,?,COIL,0.6990000000000001,610.0,0,N,0,?,1
?,C,?,0,0,?,S,1.0,0,?,?,G,?,?,?,?,B,Y,?,?,?,?,?,?,?,?,?,?,?,?,?,SHEET,0.6990000000000001,1300.0,4880,?,0,?,1
?,C,A,0,0,?,S,2.0,0,?,?,E,?,?,Y,?,?,Y,?,?,?,?,?,?,?,?,?,?,?,?,?,SHEET,0.6990000000000001,1320.0,762,Y,0,?,1
?,C,?,0,0,?,S,1.0,0,?,?,G,?,?,?,?,B,Y,?,?,?,?,?,?,?,?,?,?,?,?,?,SHEET,0.301,500.0,4120,Y,0,?,1
?,C,K,55,0,?,?,?,0,?,?,?,?,?,?,Y,M,?,?,?,?,?,?,?,?,?,?,Y,?,?,?,COIL,1.5,640.0,0,?,0,?,1
